<?xml version="1.0" encoding="utf-8"?><feed xmlns="http://www.w3.org/2005/Atom" ><generator uri="https://jekyllrb.com/" version="3.9.2">Jekyll</generator><link href="https://appscan-hq.com/feed.xml" rel="self" type="application/atom+xml" /><link href="https://appscan-hq.com/" rel="alternate" type="text/html" /><updated>2022-10-27T14:14:14+02:00</updated><id>https://appscan-hq.com/feed.xml</id><title type="html">AppScan - Better Apps with better data</title><subtitle></subtitle><author><name>MORISSARD Jérôme</name><email>hello@appscan-hq.com</email></author><entry><title type="html">More than 81% of the top Apps are Native Apps</title><link href="https://appscan-hq.com/appscan-technology-rank-correlation.html" rel="alternate" type="text/html" title="More than 81% of the top Apps are Native Apps" /><published>2022-10-17T00:00:00+02:00</published><updated>2022-10-17T00:00:00+02:00</updated><id>https://appscan-hq.com/technlogy-impact-your-rank</id><content type="html" xml:base="https://appscan-hq.com/appscan-technology-rank-correlation.html">&lt;p&gt;Since the beginning of this project I have been wondering.&lt;br /&gt;
It’s it so important for the end User to use an App that is not developed natively.&lt;br /&gt;
For my part, i am too much in love with the Apple ecosystem &amp;amp; Swift.&lt;/p&gt;

&lt;p&gt;So I was wondering if we could detect and measure an impact on the choice of technology used to develop the application.&lt;/p&gt;

&lt;p&gt;In this study, I decided to focus on Apps rankings, using 10566 Apps scanned by AppScan.&lt;/p&gt;

&lt;h1 id=&quot;native-is-dominiting-the-apps-development&quot;&gt;Native is dominiting the Apps development&lt;/h1&gt;

&lt;p&gt;&lt;img src=&quot;https://appscan-hq.com/assets/images/illustrations/technology-native-rank.png&quot; alt=&quot;alt&quot; /&gt;&lt;/p&gt;

&lt;ul&gt;
  &lt;li&gt;Native development is far ahead&lt;/li&gt;
  &lt;li&gt;Globally, without a focus on the top ranked Apps, we detected 75% of native Apps, which is very close to the first 1st article of that blog &lt;a href=&quot;/appscan-appstore-technologies.html&quot;&gt;the 1st article&lt;/a&gt;&lt;/li&gt;
  &lt;li&gt;If we look from the Top 100 to the Top 10, the pourcentage increase at every step.&lt;/li&gt;
  &lt;li&gt;Finally, if we study only the 401 Top 10 Apps, 81.3% are fully native.&lt;/li&gt;
&lt;/ul&gt;

&lt;h2 id=&quot;react-native-at-the-second-place&quot;&gt;React native at the second place&lt;/h2&gt;

&lt;p&gt;&lt;img src=&quot;https://appscan-hq.com/assets/images/illustrations/technology-reactnative-rank.png&quot; alt=&quot;alt&quot; /&gt;&lt;/p&gt;
&lt;ul&gt;
  &lt;li&gt;ReactNative is the number 2.&lt;/li&gt;
  &lt;li&gt;If we look to the Top 100 to 10, React Native is pretty stable. (is it a sign of maturity?)&lt;/li&gt;
&lt;/ul&gt;

&lt;h2 id=&quot;flutter-the-challenger&quot;&gt;Flutter, the challenger?&lt;/h2&gt;

&lt;p&gt;&lt;img src=&quot;https://appscan-hq.com/assets/images/illustrations/technology-flutter-rank.png&quot; alt=&quot;alt&quot; /&gt;&lt;/p&gt;

&lt;ul&gt;
  &lt;li&gt;Flutter is the number 3.&lt;/li&gt;
  &lt;li&gt;To the Top 100 to 10, Flutter decrease at every step.&lt;/li&gt;
&lt;/ul&gt;

&lt;h2 id=&quot;impact-of-the-technology-on-rank-conclusion&quot;&gt;Impact of the technology on rank, conclusion&lt;/h2&gt;

&lt;p&gt;If your goal is to take a seat in the top ranked Apps, developing a native app seems mandatory. ReactNative et Flutter are good challengers.&lt;br /&gt;
I forgot to mention Cordova &amp;amp; Xamarin in this study but the numbers are small than Flutter and the correlation pretty similar (less and less pourentage on each steps to the top 10)&lt;/p&gt;

&lt;h2 id=&quot;but--how-is-ranked-an-app&quot;&gt;But …. how is ranked an App?&lt;/h2&gt;

&lt;p&gt;While writing this article I had some hesitations…&lt;br /&gt;
How does Apple decide to rank an app?&lt;br /&gt;
Is it just a fair result?&lt;/p&gt;</content><author><name>MORISSARD Jérôme</name><email>hello@appscan-hq.com</email></author><category term="AppStore" /><category term="AppScan" /><category term="Technology" /><category term="Native" /><summary type="html">Since the beginning of this project I have been wondering. It’s it so important for the end User to use an App that is not developed natively. For my part, i am too much in love with the Apple ecosystem &amp;amp; Swift.</summary><media:thumbnail xmlns:media="http://search.yahoo.com/mrss/" url="https://appscan-hq.com/assets/images/illustrations/appscan-books.png" /><media:content medium="image" url="https://appscan-hq.com/assets/images/illustrations/appscan-books.png" xmlns:media="http://search.yahoo.com/mrss/" /></entry><entry><title type="html">AppStore schemes database</title><link href="https://appscan-hq.com/appscan-appstore-database-url-schemes-analysis.html" rel="alternate" type="text/html" title="AppStore schemes database" /><published>2022-09-26T00:00:00+02:00</published><updated>2022-09-26T00:00:00+02:00</updated><id>https://appscan-hq.com/schemes-database</id><content type="html" xml:base="https://appscan-hq.com/appscan-appstore-database-url-schemes-analysis.html">&lt;p&gt;On September 2022, AppScan has scanned more that 5000 Apps in the most top ranked.&lt;br /&gt;
Finally, we decided to build a &lt;strong&gt;schemes&lt;/strong&gt; database &amp;amp; to published somes of our discoveries.&lt;/p&gt;

&lt;h1 id=&quot;app-schemes&quot;&gt;App Schemes&lt;/h1&gt;

&lt;p&gt;App schemes give a way to open your App using a custom declared &lt;strong&gt;scheme&lt;/strong&gt;.&lt;/p&gt;

&lt;h2 id=&quot;what-is-a-scheme&quot;&gt;What is a Scheme&lt;/h2&gt;

&lt;p&gt;A URL (Uniform Resource Locator) is a unique identifier used to locate a resource.&lt;br /&gt;
URLs consist of multiple parts – including a protocol and domain name – that tell a web browser how and where to retrieve a resource.&lt;/p&gt;

&lt;p&gt;&lt;a href=&quot;https://developer.apple.com/documentation/xcode/defining-a-custom-url-scheme-for-your-app&quot;&gt;The documentation of Apple&lt;/a&gt; is pretty simple :&lt;/p&gt;
&lt;ul&gt;
  &lt;li&gt;Yes, you can expose custom Scheme to allow other Apps to trigger your app&lt;/li&gt;
  &lt;li&gt;But it’s bad in terms of security&lt;/li&gt;
&lt;/ul&gt;

&lt;p class=&quot;notice--danger&quot;&gt;&lt;strong&gt;Warning&lt;/strong&gt;&lt;br /&gt;
URL schemes offer a potential attack vector into your app, so make sure to validate all URL parameters and discard any malformed URLs.&lt;br /&gt;
In addition, limit the available actions to those that don’t risk the user’s data.&lt;br /&gt;
For example, don’t allow other apps to directly delete content or access sensitive information about the user.&lt;br /&gt;
When testing your URL-handling code, make sure your test cases include improperly formatted URLs.&lt;/p&gt;

&lt;p&gt;So, you can declare a custom &lt;strong&gt;scheme&lt;/strong&gt; and your app will be open if someome click on a link &lt;a href=&quot;openMyAwesomeApp://&quot;&gt;openMyAwesomeApp://&lt;/a&gt;&lt;/p&gt;
&lt;div class=&quot;language-plaintext highlighter-rouge&quot;&gt;&lt;div class=&quot;highlight&quot;&gt;&lt;pre class=&quot;highlight&quot;&gt;&lt;code&gt;openMyAwesomeApp://
&lt;/code&gt;&lt;/pre&gt;&lt;/div&gt;&lt;/div&gt;

&lt;p&gt;but everybody is able to register this, so i can create my hijacking App and declare the same custom &lt;strong&gt;scheme&lt;/strong&gt; and my application can be opened instead of yours.&lt;/p&gt;

&lt;p&gt;On September 2022, AppScan database contains &lt;strong&gt;5665 Apps&lt;/strong&gt;, we compiled the App declared public &lt;strong&gt;schemes&lt;/strong&gt; to illustrate the problems and the schemes usage.&lt;/p&gt;

&lt;h2 id=&quot;some-metrics-about-our-ios-schemes-database&quot;&gt;Some metrics about our iOS Schemes database&lt;/h2&gt;

&lt;ul&gt;
  &lt;li&gt;30 schemes are used more that 5 times.&lt;/li&gt;
  &lt;li&gt;347 schemes are used more that one time,&lt;/li&gt;
  &lt;li&gt;13932 unique schemes,&lt;/li&gt;
&lt;/ul&gt;

&lt;h2 id=&quot;ios-top-hijacked-schemes&quot;&gt;iOS top hijacked Schemes&lt;/h2&gt;

&lt;table&gt;
  &lt;tbody&gt;
    &lt;tr&gt;
      &lt;td&gt;Schemes&lt;/td&gt;
      &lt;td&gt;number of apps&lt;/td&gt;
    &lt;/tr&gt;
    &lt;tr&gt;
      &lt;td&gt;prefs&lt;/td&gt;
      &lt;td&gt;153&lt;/td&gt;
    &lt;/tr&gt;
    &lt;tr&gt;
      &lt;td&gt;https&lt;/td&gt;
      &lt;td&gt;28&lt;/td&gt;
    &lt;/tr&gt;
    &lt;tr&gt;
      &lt;td&gt;capacitor&lt;/td&gt;
      &lt;td&gt;23&lt;/td&gt;
    &lt;/tr&gt;
    &lt;tr&gt;
      &lt;td&gt;http&lt;/td&gt;
      &lt;td&gt;22&lt;/td&gt;
    &lt;/tr&gt;
    &lt;tr&gt;
      &lt;td&gt;kindle&lt;/td&gt;
      &lt;td&gt;17&lt;/td&gt;
    &lt;/tr&gt;
    &lt;tr&gt;
      &lt;td&gt;tel&lt;/td&gt;
      &lt;td&gt;17&lt;/td&gt;
    &lt;/tr&gt;
    &lt;tr&gt;
      &lt;td&gt;mailto&lt;/td&gt;
      &lt;td&gt;17&lt;/td&gt;
    &lt;/tr&gt;
    &lt;tr&gt;
      &lt;td&gt;sms&lt;/td&gt;
      &lt;td&gt;16&lt;/td&gt;
    &lt;/tr&gt;
    &lt;tr&gt;
      &lt;td&gt;bma4sreceiver&lt;/td&gt;
      &lt;td&gt;14&lt;/td&gt;
    &lt;/tr&gt;
    &lt;tr&gt;
      &lt;td&gt;appcenter-&lt;/td&gt;
      &lt;td&gt;12&lt;/td&gt;
    &lt;/tr&gt;
    &lt;tr&gt;
      &lt;td&gt;expapp000&lt;/td&gt;
      &lt;td&gt;12&lt;/td&gt;
    &lt;/tr&gt;
    &lt;tr&gt;
      &lt;td&gt;App-Prefs&lt;/td&gt;
      &lt;td&gt;10&lt;/td&gt;
    &lt;/tr&gt;
    &lt;tr&gt;
      &lt;td&gt;app&lt;/td&gt;
      &lt;td&gt;8&lt;/td&gt;
    &lt;/tr&gt;
    &lt;tr&gt;
      &lt;td&gt;otpauth&lt;/td&gt;
      &lt;td&gt;8&lt;/td&gt;
    &lt;/tr&gt;
    &lt;tr&gt;
      &lt;td&gt;amazonmobile&lt;/td&gt;
      &lt;td&gt;8&lt;/td&gt;
    &lt;/tr&gt;
    &lt;tr&gt;
      &lt;td&gt;org-appextension-feature-password-management&lt;/td&gt;
      &lt;td&gt;8&lt;/td&gt;
    &lt;/tr&gt;
    &lt;tr&gt;
      &lt;td&gt;twitterkit-bqNRNye1eU89E7gVP5aam6O6t&lt;/td&gt;
      &lt;td&gt;7&lt;/td&gt;
    &lt;/tr&gt;
    &lt;tr&gt;
      &lt;td&gt;com.googleusercontent.apps.&lt;/td&gt;
      &lt;td&gt;7&lt;/td&gt;
    &lt;/tr&gt;
    &lt;tr&gt;
      &lt;td&gt;oauth-swift&lt;/td&gt;
      &lt;td&gt;6&lt;/td&gt;
    &lt;/tr&gt;
    &lt;tr&gt;
      &lt;td&gt;twitterkit-8WIpExNRasgkylPREYlfqweEg&lt;/td&gt;
      &lt;td&gt;6&lt;/td&gt;
    &lt;/tr&gt;
    &lt;tr&gt;
      &lt;td&gt;com.apple.maps.action&lt;/td&gt;
      &lt;td&gt;6&lt;/td&gt;
    &lt;/tr&gt;
    &lt;tr&gt;
      &lt;td&gt;twitterkit-szwcBj2lCk6nxhm8T6rXj4nc6&lt;/td&gt;
      &lt;td&gt;6&lt;/td&gt;
    &lt;/tr&gt;
    &lt;tr&gt;
      &lt;td&gt;ssh&lt;/td&gt;
      &lt;td&gt;6&lt;/td&gt;
    &lt;/tr&gt;
    &lt;tr&gt;
      &lt;td&gt;bitcoin&lt;/td&gt;
      &lt;td&gt;5&lt;/td&gt;
    &lt;/tr&gt;
  &lt;/tbody&gt;
&lt;/table&gt;

&lt;h2 id=&quot;so-what&quot;&gt;So what?&lt;/h2&gt;

&lt;ul&gt;
  &lt;li&gt;
    &lt;p&gt;😋 It’s funny, on average, applications declare more than 2 custom URL Schemes. It’s not so incredible, if we look deeper inside, multiple time it’s explained by the external login process of Facebook, Twitter, etc, because you have to expose an entry to be called back by the third party oauth.&lt;/p&gt;
  &lt;/li&gt;
  &lt;li&gt;
    &lt;p&gt;😤 What is very concerning in the fact that 347 schemes are used by multiple Apps, so be aware than trying to open an App using a URL scheme doesn’t guaranty you to open that App. It’s a random process.&lt;/p&gt;
  &lt;/li&gt;
  &lt;li&gt;
    &lt;p&gt;😵‍💫 Some Apple &lt;strong&gt;schemes&lt;/strong&gt; are supposed to be private … i don’t know why Apple doesn’t reject those Apps&lt;/p&gt;
  &lt;/li&gt;
  &lt;li&gt;😡 More concerning, some &lt;strong&gt;schemes&lt;/strong&gt; are really not recommended
    &lt;ul&gt;
      &lt;li&gt;those 30 ones overused&lt;/li&gt;
      &lt;li&gt;the 347 hijacked (if you are not sure that your App is the one opened…)&lt;/li&gt;
    &lt;/ul&gt;
  &lt;/li&gt;
  &lt;li&gt;
    &lt;p&gt;🤬 Some &lt;strong&gt;schemes&lt;/strong&gt; are very close of the system : &lt;code class=&quot;language-plaintext highlighter-rouge&quot;&gt;https://&lt;/code&gt;, &lt;code class=&quot;language-plaintext highlighter-rouge&quot;&gt;http://, &lt;/code&gt;prefs://&lt;code class=&quot;language-plaintext highlighter-rouge&quot;&gt;, &lt;/code&gt;tel://&lt;code class=&quot;language-plaintext highlighter-rouge&quot;&gt;, &lt;/code&gt;sms://` and i’m not sure there is a desire of Apple to open them on the system (not as the mailto://)&lt;/p&gt;
  &lt;/li&gt;
  &lt;li&gt;🍏 Even more for Public “Security” scheme &lt;code class=&quot;language-plaintext highlighter-rouge&quot;&gt;org-appextension-feature-password-management://&lt;/code&gt; … Is it normal for Apple to allow this kind of thing?&lt;/li&gt;
&lt;/ul&gt;</content><author><name>MORISSARD Jérôme</name><email>hello@appscan-hq.com</email></author><category term="AppStore" /><category term="AppScan" /><category term="Database" /><category term="Scheme" /><category term="Security" /><category term="Scheme" /><category term="Security" /><summary type="html">On September 2022, AppScan has scanned more that 5000 Apps in the most top ranked. Finally, we decided to build a schemes database &amp;amp; to published somes of our discoveries.</summary><media:thumbnail xmlns:media="http://search.yahoo.com/mrss/" url="https://appscan-hq.com/assets/images/illustrations/appscan-hijacked-schemes.png" /><media:content medium="image" url="https://appscan-hq.com/assets/images/illustrations/appscan-hijacked-schemes.png" xmlns:media="http://search.yahoo.com/mrss/" /></entry><entry><title type="html">Crypto Apps - Benchmark - Part 4 - Security</title><link href="https://appscan-hq.com/appscan-crypto-apps-part-4-security.html" rel="alternate" type="text/html" title="Crypto Apps - Benchmark - Part 4 - Security" /><published>2022-08-30T00:00:00+02:00</published><updated>2022-08-30T00:00:00+02:00</updated><id>https://appscan-hq.com/crypto-bitcoin-wallet-apps-part-4-security</id><content type="html" xml:base="https://appscan-hq.com/appscan-crypto-apps-part-4-security.html">&lt;p&gt;Apps relative to crypto are very recent.&lt;br /&gt;
We wanted to study those Apps to make an smart article about technical stacks &amp;amp; good practices.&lt;/p&gt;

&lt;p&gt;This article is the last of this serie :&lt;/p&gt;
&lt;ul&gt;
  &lt;li&gt;&lt;a href=&quot;/appscan-crypto-apps-part-1-introduction.html&quot;&gt;Part 1 - Introduction&lt;/a&gt;&lt;/li&gt;
  &lt;li&gt;&lt;a href=&quot;/appscan-crypto-apps-part-2-resources.html&quot;&gt;Part 2 - Resources&lt;/a&gt;&lt;/li&gt;
  &lt;li&gt;&lt;a href=&quot;/appscan-crypto-apps-part-3-interactions.html&quot;&gt;Part 3 - Interactions&lt;/a&gt;&lt;/li&gt;
  &lt;li&gt;👉 &lt;a href=&quot;/appscan-crypto-apps-part-4-security.html&quot;&gt;Part 4 - Security&lt;/a&gt;&lt;/li&gt;
&lt;/ul&gt;

&lt;h1 id=&quot;app-security&quot;&gt;App Security&lt;/h1&gt;

&lt;p&gt;The security score is actually evaluated by checking 3 things :&lt;/p&gt;
&lt;ul&gt;
  &lt;li&gt;detect “risky” files inside the app bundle (something human readable that might contains important informations)&lt;/li&gt;
  &lt;li&gt;detect bad security configuration&lt;/li&gt;
  &lt;li&gt;detect api keys/token easy to hijack&lt;/li&gt;
&lt;/ul&gt;

&lt;table&gt;
  &lt;thead&gt;
    &lt;tr&gt;
      &lt;th style=&quot;text-align: left&quot;&gt;App&lt;/th&gt;
      &lt;th style=&quot;text-align: center&quot;&gt;Security Score&lt;/th&gt;
    &lt;/tr&gt;
  &lt;/thead&gt;
  &lt;tbody&gt;
    &lt;tr&gt;
      &lt;td style=&quot;text-align: left&quot;&gt;&lt;img src=&quot;/assets/images/ios-apps/metamask.webp&quot; width=&quot;50&quot; height=&quot;50&quot; /&gt; MetaMask - Blockchain Wallet&lt;/td&gt;
      &lt;td style=&quot;text-align: center&quot;&gt;4 (5)&lt;/td&gt;
    &lt;/tr&gt;
    &lt;tr&gt;
      &lt;td style=&quot;text-align: left&quot;&gt;&lt;img src=&quot;/assets/images/ios-apps/crypto.com.webp&quot; width=&quot;50&quot; height=&quot;50&quot; /&gt; Crypto.com  - Buy Bitcoin, ETH&lt;/td&gt;
      &lt;td style=&quot;text-align: center&quot;&gt;4&lt;/td&gt;
    &lt;/tr&gt;
    &lt;tr&gt;
      &lt;td style=&quot;text-align: left&quot;&gt;&lt;img src=&quot;/assets/images/ios-apps/coinmarkercap.webp&quot; width=&quot;50&quot; height=&quot;50&quot; /&gt; CoinMarketCap&lt;/td&gt;
      &lt;td style=&quot;text-align: center&quot;&gt;4&lt;/td&gt;
    &lt;/tr&gt;
    &lt;tr&gt;
      &lt;td style=&quot;text-align: left&quot;&gt;&lt;img src=&quot;/assets/images/ios-apps/ftx.webp&quot; width=&quot;50&quot; height=&quot;50&quot; /&gt; FTX (anciennement Blockfolio)&lt;/td&gt;
      &lt;td style=&quot;text-align: center&quot;&gt;3&lt;/td&gt;
    &lt;/tr&gt;
    &lt;tr&gt;
      &lt;td style=&quot;text-align: left&quot;&gt;&lt;img src=&quot;/assets/images/ios-apps/zengo.webp&quot; width=&quot;50&quot; height=&quot;50&quot; /&gt; ZenGo: Crypto &amp;amp; Bitcoin Wallet&lt;/td&gt;
      &lt;td style=&quot;text-align: center&quot;&gt;3&lt;/td&gt;
    &lt;/tr&gt;
    &lt;tr&gt;
      &lt;td style=&quot;text-align: left&quot;&gt;&lt;img src=&quot;/assets/images/ios-apps/coinbase.webp&quot; width=&quot;50&quot; height=&quot;50&quot; /&gt; Coinbase: Buy Bitcoin &amp;amp; Ether&lt;/td&gt;
      &lt;td style=&quot;text-align: center&quot;&gt;3&lt;/td&gt;
    &lt;/tr&gt;
    &lt;tr&gt;
      &lt;td style=&quot;text-align: left&quot;&gt;&lt;img src=&quot;/assets/images/ios-apps/etoro money.webp&quot; width=&quot;50&quot; height=&quot;50&quot; /&gt; eToro Money&lt;/td&gt;
      &lt;td style=&quot;text-align: center&quot;&gt;3&lt;/td&gt;
    &lt;/tr&gt;
    &lt;tr&gt;
      &lt;td style=&quot;text-align: left&quot;&gt;&lt;img src=&quot;/assets/images/ios-apps/binance.webp&quot; width=&quot;50&quot; height=&quot;50&quot; /&gt; Binance: Buy Bitcoin &amp;amp; Crypto&lt;/td&gt;
      &lt;td style=&quot;text-align: center&quot;&gt;3&lt;/td&gt;
    &lt;/tr&gt;
  &lt;/tbody&gt;
&lt;/table&gt;

&lt;h2 id=&quot;risks-due-to-the-app-configuration&quot;&gt;Risks due to the App configuration&lt;/h2&gt;

&lt;p&gt;Each Apps can adapt a very important security layer between the App and internet.&lt;br /&gt;
In this section, we scan the Apps &lt;a href=&quot;https://developer.apple.com/documentation/bundleresources/information_property_list/nsapptransportsecurity&quot;&gt;NSAppTransportSecurity&lt;/a&gt; configuration.&lt;/p&gt;

&lt;p&gt;Only 2 Apps don’t modify this security layer&lt;/p&gt;
&lt;ul&gt;
  &lt;li&gt;MetaMask - Blockchain Wallet&lt;/li&gt;
  &lt;li&gt;Crypto.com  - Buy Bitcoin, ETH&lt;/li&gt;
&lt;/ul&gt;

&lt;p&gt;The others Apps are reducing the App security using some parameters&lt;/p&gt;
&lt;ul&gt;
  &lt;li&gt;&lt;strong&gt;NSAllowsArbitraryLoads&lt;/strong&gt; : A Boolean value indicating whether App Transport Security restrictions are disabled for all network connections.&lt;/li&gt;
  &lt;li&gt;&lt;strong&gt;NSAllowsLocalNetworking&lt;/strong&gt; : A Boolean value indicating whether to allow loading of local resources.&lt;/li&gt;
  &lt;li&gt;&lt;strong&gt;NSAllowsArbitraryLoadsInWebContent&lt;/strong&gt; : A Boolean value indicating whether all App Transport Security restrictions are disabled for requests made from web views.&lt;/li&gt;
  &lt;li&gt;&lt;strong&gt;NSExceptionAllowsInsecureHTTPLoads&lt;/strong&gt; : A Boolean value indicating whether to allow insecure HTTP loads.&lt;/li&gt;
&lt;/ul&gt;

&lt;h2 id=&quot;risky-keysvalues&quot;&gt;Risky keys/values&lt;/h2&gt;

&lt;p&gt;Some places inside the App are protected and not easy to read (for exemple the executable element of the App).&lt;br /&gt;
In a lot of Apps, we can detect some important keys/values not stored at the right place.&lt;/p&gt;

&lt;p&gt;Only 3 Apps are not storing critical value in a low security environement&lt;/p&gt;
&lt;ul&gt;
  &lt;li&gt;MetaMask - Blockchain Wallet&lt;/li&gt;
  &lt;li&gt;CoinMarketCap&lt;/li&gt;
  &lt;li&gt;FTX (anciennement Blockfolio)&lt;/li&gt;
&lt;/ul&gt;

&lt;h2 id=&quot;risky-files&quot;&gt;Risky files&lt;/h2&gt;

&lt;p&gt;An package App is not so complicatd to get and to inspect.&lt;br /&gt;
The packaging is not a good protection because an App package is just a zip file 🤯.&lt;br /&gt;
AppScan analyse the entire content of the package :&lt;/p&gt;
&lt;ul&gt;
  &lt;li&gt;Main bundle,&lt;/li&gt;
  &lt;li&gt;Each bundles,&lt;/li&gt;
  &lt;li&gt;Each librairies, frameworks,&lt;/li&gt;
  &lt;li&gt;All files in the App.&lt;/li&gt;
&lt;/ul&gt;

&lt;p&gt;The idea is to detect files that can contains infomrations in a more or less readable format.&lt;br /&gt;
All those files with extensions has been detected in the Apps.&lt;/p&gt;

&lt;ul&gt;
  &lt;li&gt;&lt;strong&gt;.cer, .der&lt;/strong&gt;, those files are certificates, probably to if the server is really the real server&lt;/li&gt;
  &lt;li&gt;&lt;strong&gt;.xml, .yml&lt;/strong&gt;, data files, fully readdable, we can get lot of informations exploring them&lt;/li&gt;
  &lt;li&gt;&lt;strong&gt;.json&lt;/strong&gt;, fully readdable, we can get lot of informations exploring them&lt;/li&gt;
  &lt;li&gt;&lt;strong&gt;.xcconfig&lt;/strong&gt;, really not a normal place in an App … it’s a configuration file for Xcode&lt;/li&gt;
  &lt;li&gt;&lt;strong&gt;.md, .txt&lt;/strong&gt;, text files … sometimes readMe, release notes, etc&lt;/li&gt;
  &lt;li&gt;&lt;strong&gt;.js&lt;/strong&gt;, yes, some JS files can be very interesting and contains lot of data.&lt;/li&gt;
&lt;/ul&gt;

&lt;h2 id=&quot;conclusion&quot;&gt;Conclusion&lt;/h2&gt;

&lt;ul class=&quot;notice--warning&quot;&gt;
  &lt;li&gt;MetaMask is over the other, we only detect some .cer &amp;amp; .der files which can be usefull for security validation&lt;/li&gt;
  &lt;li&gt;Lot of Apps are exposing apiKeys &amp;amp; critical tokens inside readable sources (Info.plist for example)&lt;/li&gt;
  &lt;li&gt;Too much Apps are updating the NSAppTransportSecurity … this parameter reduce the App security&lt;/li&gt;
  &lt;li&gt;I would consider Apps to be more secure because alternatives create more data inside “readable” format (.json, .txt, .js, .yml). Those files can contains important data.&lt;/li&gt;
&lt;/ul&gt;</content><author><name>MORISSARD Jérôme</name><email>hello@appscan-hq.com</email></author><category term="Audits" /><category term="Benchmark" /><category term="Security" /><category term="Security" /><category term="NSAppTransportSecurity" /><summary type="html">Apps relative to crypto are very recent. We wanted to study those Apps to make an smart article about technical stacks &amp;amp; good practices.</summary><media:thumbnail xmlns:media="http://search.yahoo.com/mrss/" url="https://appscan-hq.com/assets/images/illustrations/appscan-cryptos-snow.png" /><media:content medium="image" url="https://appscan-hq.com/assets/images/illustrations/appscan-cryptos-snow.png" xmlns:media="http://search.yahoo.com/mrss/" /></entry><entry><title type="html">Crypto Apps - Benchmark - Part 3 - Interactions</title><link href="https://appscan-hq.com/appscan-crypto-apps-part-3-interactions.html" rel="alternate" type="text/html" title="Crypto Apps - Benchmark - Part 3 - Interactions" /><published>2022-08-29T00:00:00+02:00</published><updated>2022-08-29T00:00:00+02:00</updated><id>https://appscan-hq.com/crypto-bitcoin-wallet-apps-part-3-interactions</id><content type="html" xml:base="https://appscan-hq.com/appscan-crypto-apps-part-3-interactions.html">&lt;p&gt;Apps relative to crypto are very recent.&lt;br /&gt;
We wanted to study those Apps to make an smart article about technical stacks &amp;amp; good practices.&lt;/p&gt;

&lt;p&gt;What are the good things?&lt;/p&gt;

&lt;p&gt;What are the bad things in those about?&lt;/p&gt;

&lt;p&gt;What are the important points if you want to start to build a new App?&lt;/p&gt;

&lt;p&gt;To study those questions we have decided to take the most trendy applications and to compare them on technical aspects :&lt;/p&gt;

&lt;p&gt;This article is the third of the serie :&lt;/p&gt;
&lt;ul&gt;
  &lt;li&gt;&lt;a href=&quot;/appscan-crypto-apps-part-1-introduction.html&quot;&gt;Part 1 - Introduction&lt;/a&gt;&lt;/li&gt;
  &lt;li&gt;&lt;a href=&quot;/appscan-crypto-apps-part-2-resources.html&quot;&gt;Part 2 - Resources&lt;/a&gt;&lt;/li&gt;
  &lt;li&gt;👉 &lt;a href=&quot;/appscan-crypto-apps-part-3-interactions.html&quot;&gt; Part 3 - Interactions&lt;/a&gt;&lt;/li&gt;
  &lt;li&gt;&lt;a href=&quot;/appscan-crypto-apps-part-4-security.html&quot;&gt;Part 4 - Security&lt;/a&gt;&lt;/li&gt;
&lt;/ul&gt;

&lt;p&gt;&lt;strong&gt;TLDR;&lt;/strong&gt;&lt;/p&gt;

&lt;ul&gt;
  &lt;li&gt;There is native Apps and Apps developed using a cross plateform solutions.&lt;/li&gt;
  &lt;li&gt;All Apps can provide a very rich User Experience and extends the system using App Extensions or interact with other Apps to improve the journey of a User.&lt;/li&gt;
  &lt;li&gt;The applications are characterized by the number of interactions with the system and the possible interactions with other Apps.&lt;/li&gt;
  &lt;li&gt;The packaging is really different depending on the technology of the application and this leads to resources not optimized and some security weaknesses.&lt;/li&gt;
&lt;/ul&gt;

&lt;h1 id=&quot;app-interactions&quot;&gt;App interactions&lt;/h1&gt;

&lt;h2 id=&quot;interactions-with-other-apps&quot;&gt;Interactions with other Apps&lt;/h2&gt;

&lt;p&gt;An app can interact with other Apps, but to do that the App must declare a list of Apps to interact with.&lt;br /&gt;
This list give the possibility to the App to ask to open the other Apps for specific actions.&lt;/p&gt;

&lt;table&gt;
  &lt;thead&gt;
    &lt;tr&gt;
      &lt;th style=&quot;text-align: left&quot;&gt;App&lt;/th&gt;
      &lt;th style=&quot;text-align: center&quot;&gt;Number of apps&lt;/th&gt;
      &lt;th style=&quot;text-align: center&quot;&gt;Social Apps&lt;/th&gt;
      &lt;th style=&quot;text-align: center&quot;&gt;Mails Apps&lt;/th&gt;
      &lt;th style=&quot;text-align: center&quot;&gt;Wallet Apps&lt;/th&gt;
      &lt;th style=&quot;text-align: center&quot;&gt;Jailbreak Apps&lt;/th&gt;
    &lt;/tr&gt;
  &lt;/thead&gt;
  &lt;tbody&gt;
    &lt;tr&gt;
      &lt;td style=&quot;text-align: left&quot;&gt;&lt;img src=&quot;/assets/images/ios-apps/zengo.webp&quot; width=&quot;50&quot; height=&quot;50&quot; /&gt; ZenGo: Crypto &amp;amp; Bitcoin Wallet&lt;/td&gt;
      &lt;td style=&quot;text-align: center&quot;&gt;6 apps&lt;/td&gt;
      &lt;td style=&quot;text-align: center&quot;&gt;❌&lt;/td&gt;
      &lt;td style=&quot;text-align: center&quot;&gt;✅&lt;/td&gt;
      &lt;td style=&quot;text-align: center&quot;&gt;❌&lt;/td&gt;
      &lt;td style=&quot;text-align: center&quot;&gt;❌&lt;/td&gt;
    &lt;/tr&gt;
    &lt;tr&gt;
      &lt;td style=&quot;text-align: left&quot;&gt;&lt;img src=&quot;/assets/images/ios-apps/coinbase.webp&quot; width=&quot;50&quot; height=&quot;50&quot; /&gt; Coinbase: Buy Bitcoin &amp;amp; Ether&lt;/td&gt;
      &lt;td style=&quot;text-align: center&quot;&gt;17 apps&lt;/td&gt;
      &lt;td style=&quot;text-align: center&quot;&gt;✅&lt;/td&gt;
      &lt;td style=&quot;text-align: center&quot;&gt;✅&lt;/td&gt;
      &lt;td style=&quot;text-align: center&quot;&gt;✅&lt;/td&gt;
      &lt;td style=&quot;text-align: center&quot;&gt;❌&lt;/td&gt;
    &lt;/tr&gt;
    &lt;tr&gt;
      &lt;td style=&quot;text-align: left&quot;&gt;&lt;img src=&quot;/assets/images/ios-apps/etoro money.webp&quot; width=&quot;50&quot; height=&quot;50&quot; /&gt; eToro Money&lt;/td&gt;
      &lt;td style=&quot;text-align: center&quot;&gt;1 app&lt;/td&gt;
      &lt;td style=&quot;text-align: center&quot;&gt;✅&lt;/td&gt;
      &lt;td style=&quot;text-align: center&quot;&gt;❌&lt;/td&gt;
      &lt;td style=&quot;text-align: center&quot;&gt;❌&lt;/td&gt;
      &lt;td style=&quot;text-align: center&quot;&gt;❌&lt;/td&gt;
    &lt;/tr&gt;
    &lt;tr&gt;
      &lt;td style=&quot;text-align: left&quot;&gt;&lt;img src=&quot;/assets/images/ios-apps/binance.webp&quot; width=&quot;50&quot; height=&quot;50&quot; /&gt; Binance: Buy Bitcoin &amp;amp; Crypto&lt;/td&gt;
      &lt;td style=&quot;text-align: center&quot;&gt;5 apps&lt;/td&gt;
      &lt;td style=&quot;text-align: center&quot;&gt;❌&lt;/td&gt;
      &lt;td style=&quot;text-align: center&quot;&gt;❌&lt;/td&gt;
      &lt;td style=&quot;text-align: center&quot;&gt;✅&lt;/td&gt;
      &lt;td style=&quot;text-align: center&quot;&gt;❌&lt;/td&gt;
    &lt;/tr&gt;
    &lt;tr&gt;
      &lt;td style=&quot;text-align: left&quot;&gt;&lt;img src=&quot;/assets/images/ios-apps/coinmarkercap.webp&quot; width=&quot;50&quot; height=&quot;50&quot; /&gt; CoinMarketCap&lt;/td&gt;
      &lt;td style=&quot;text-align: center&quot;&gt;10 apps&lt;/td&gt;
      &lt;td style=&quot;text-align: center&quot;&gt;✅&lt;/td&gt;
      &lt;td style=&quot;text-align: center&quot;&gt;✅&lt;/td&gt;
      &lt;td style=&quot;text-align: center&quot;&gt;❌&lt;/td&gt;
      &lt;td style=&quot;text-align: center&quot;&gt;❌&lt;/td&gt;
    &lt;/tr&gt;
    &lt;tr&gt;
      &lt;td style=&quot;text-align: left&quot;&gt;&lt;img src=&quot;/assets/images/ios-apps/ftx.webp&quot; width=&quot;50&quot; height=&quot;50&quot; /&gt; FTX (anciennement Blockfolio)&lt;/td&gt;
      &lt;td style=&quot;text-align: center&quot;&gt;10 apps&lt;/td&gt;
      &lt;td style=&quot;text-align: center&quot;&gt;✅&lt;/td&gt;
      &lt;td style=&quot;text-align: center&quot;&gt;✅&lt;/td&gt;
      &lt;td style=&quot;text-align: center&quot;&gt;❌&lt;/td&gt;
      &lt;td style=&quot;text-align: center&quot;&gt;❌&lt;/td&gt;
    &lt;/tr&gt;
    &lt;tr&gt;
      &lt;td style=&quot;text-align: left&quot;&gt;&lt;img src=&quot;/assets/images/ios-apps/crypto.com.webp&quot; width=&quot;50&quot; height=&quot;50&quot; /&gt; Crypto.com - Buy Bitcoin, ETH&lt;/td&gt;
      &lt;td style=&quot;text-align: center&quot;&gt;5 apps&lt;/td&gt;
      &lt;td style=&quot;text-align: center&quot;&gt;❌&lt;/td&gt;
      &lt;td style=&quot;text-align: center&quot;&gt;✅&lt;/td&gt;
      &lt;td style=&quot;text-align: center&quot;&gt;❌&lt;/td&gt;
      &lt;td style=&quot;text-align: center&quot;&gt;✅&lt;/td&gt;
    &lt;/tr&gt;
    &lt;tr&gt;
      &lt;td style=&quot;text-align: left&quot;&gt;&lt;img src=&quot;/assets/images/ios-apps/metamask.webp&quot; width=&quot;50&quot; height=&quot;50&quot; /&gt; MetaMask - Blockchain Wallet&lt;/td&gt;
      &lt;td style=&quot;text-align: center&quot;&gt;5 apps&lt;/td&gt;
      &lt;td style=&quot;text-align: center&quot;&gt;✅&lt;/td&gt;
      &lt;td style=&quot;text-align: center&quot;&gt;❌&lt;/td&gt;
      &lt;td style=&quot;text-align: center&quot;&gt;❌&lt;/td&gt;
      &lt;td style=&quot;text-align: center&quot;&gt;❌&lt;/td&gt;
    &lt;/tr&gt;
  &lt;/tbody&gt;
&lt;/table&gt;

&lt;ul class=&quot;notice--warning&quot;&gt;
  &lt;li&gt;Yes, Mail Apps make sense to give the user a way to share things, and maybe optimize actions.&lt;/li&gt;
  &lt;li&gt;Social Apps (WhatsApp, Instagram, Facebook, Twitter), give the user a way to share content or to log.&lt;/li&gt;
  &lt;li&gt;Wallet Apps can be interesting to interact with (or to know that a User has alternative)&lt;/li&gt;
  &lt;li&gt;Cydia is a good idea to detect jailbroken devices and maybe limit the usage of the App.&lt;/li&gt;
&lt;/ul&gt;

&lt;h2 id=&quot;interactions-with-the-system&quot;&gt;Interactions with the system&lt;/h2&gt;

&lt;p&gt;Interactions with the system give your App a real sense for the Users and provide lots of way to interact with her.&lt;/p&gt;

&lt;table&gt;
  &lt;thead&gt;
    &lt;tr&gt;
      &lt;th style=&quot;text-align: left&quot;&gt;App&lt;/th&gt;
      &lt;th style=&quot;text-align: center&quot;&gt;iCloud service&lt;/th&gt;
      &lt;th style=&quot;text-align: center&quot;&gt;Universal links&lt;/th&gt;
      &lt;th style=&quot;text-align: center&quot;&gt;Apple Pay&lt;/th&gt;
      &lt;th style=&quot;text-align: center&quot;&gt;Wallet&lt;/th&gt;
      &lt;th style=&quot;text-align: center&quot;&gt;Keychain group&lt;/th&gt;
      &lt;th style=&quot;text-align: center&quot;&gt;Apple Sign In&lt;/th&gt;
      &lt;th style=&quot;text-align: center&quot;&gt;NFC reader&lt;/th&gt;
      &lt;th style=&quot;text-align: center&quot;&gt;web credentials&lt;/th&gt;
    &lt;/tr&gt;
  &lt;/thead&gt;
  &lt;tbody&gt;
    &lt;tr&gt;
      &lt;td style=&quot;text-align: left&quot;&gt;&lt;img src=&quot;/assets/images/ios-apps/coinbase.webp&quot; width=&quot;50&quot; height=&quot;50&quot; /&gt; Coinbase: Buy Bitcoin &amp;amp; Ether&lt;/td&gt;
      &lt;td style=&quot;text-align: center&quot;&gt;✅&lt;/td&gt;
      &lt;td style=&quot;text-align: center&quot;&gt;✅&lt;/td&gt;
      &lt;td style=&quot;text-align: center&quot;&gt;✅&lt;/td&gt;
      &lt;td style=&quot;text-align: center&quot;&gt;✅&lt;/td&gt;
      &lt;td style=&quot;text-align: center&quot;&gt;✅&lt;/td&gt;
      &lt;td style=&quot;text-align: center&quot;&gt;❌&lt;/td&gt;
      &lt;td style=&quot;text-align: center&quot;&gt;❌&lt;/td&gt;
      &lt;td style=&quot;text-align: center&quot;&gt;✅&lt;/td&gt;
    &lt;/tr&gt;
    &lt;tr&gt;
      &lt;td style=&quot;text-align: left&quot;&gt;&lt;img src=&quot;/assets/images/ios-apps/metamask.webp&quot; width=&quot;50&quot; height=&quot;50&quot; /&gt; MetaMask - Blockchain Wallet&lt;/td&gt;
      &lt;td style=&quot;text-align: center&quot;&gt;❌&lt;/td&gt;
      &lt;td style=&quot;text-align: center&quot;&gt;✅&lt;/td&gt;
      &lt;td style=&quot;text-align: center&quot;&gt;✅&lt;/td&gt;
      &lt;td style=&quot;text-align: center&quot;&gt;❌&lt;/td&gt;
      &lt;td style=&quot;text-align: center&quot;&gt;✅&lt;/td&gt;
      &lt;td style=&quot;text-align: center&quot;&gt;✅&lt;/td&gt;
      &lt;td style=&quot;text-align: center&quot;&gt;✅&lt;/td&gt;
      &lt;td style=&quot;text-align: center&quot;&gt;❌&lt;/td&gt;
    &lt;/tr&gt;
    &lt;tr&gt;
      &lt;td style=&quot;text-align: left&quot;&gt;&lt;img src=&quot;/assets/images/ios-apps/binance.webp&quot; width=&quot;50&quot; height=&quot;50&quot; /&gt; Binance: Buy Bitcoin &amp;amp; Crypto&lt;/td&gt;
      &lt;td style=&quot;text-align: center&quot;&gt;✅&lt;/td&gt;
      &lt;td style=&quot;text-align: center&quot;&gt;✅&lt;/td&gt;
      &lt;td style=&quot;text-align: center&quot;&gt;❌&lt;/td&gt;
      &lt;td style=&quot;text-align: center&quot;&gt;❌&lt;/td&gt;
      &lt;td style=&quot;text-align: center&quot;&gt;✅&lt;/td&gt;
      &lt;td style=&quot;text-align: center&quot;&gt;✅&lt;/td&gt;
      &lt;td style=&quot;text-align: center&quot;&gt;✅&lt;/td&gt;
      &lt;td style=&quot;text-align: center&quot;&gt;✅&lt;/td&gt;
    &lt;/tr&gt;
    &lt;tr&gt;
      &lt;td style=&quot;text-align: left&quot;&gt;&lt;img src=&quot;/assets/images/ios-apps/zengo.webp&quot; width=&quot;50&quot; height=&quot;50&quot; /&gt;  ZenGo: Crypto &amp;amp; Bitcoin Wallet&lt;/td&gt;
      &lt;td style=&quot;text-align: center&quot;&gt;✅&lt;/td&gt;
      &lt;td style=&quot;text-align: center&quot;&gt;✅&lt;/td&gt;
      &lt;td style=&quot;text-align: center&quot;&gt;❌&lt;/td&gt;
      &lt;td style=&quot;text-align: center&quot;&gt;❌&lt;/td&gt;
      &lt;td style=&quot;text-align: center&quot;&gt;❌&lt;/td&gt;
      &lt;td style=&quot;text-align: center&quot;&gt;❌&lt;/td&gt;
      &lt;td style=&quot;text-align: center&quot;&gt;❌&lt;/td&gt;
      &lt;td style=&quot;text-align: center&quot;&gt;❌&lt;/td&gt;
    &lt;/tr&gt;
    &lt;tr&gt;
      &lt;td style=&quot;text-align: left&quot;&gt;&lt;img src=&quot;/assets/images/ios-apps/etoro money.webp&quot; width=&quot;50&quot; height=&quot;50&quot; /&gt; eToro Money&lt;/td&gt;
      &lt;td style=&quot;text-align: center&quot;&gt;❌&lt;/td&gt;
      &lt;td style=&quot;text-align: center&quot;&gt;❌&lt;/td&gt;
      &lt;td style=&quot;text-align: center&quot;&gt;❌&lt;/td&gt;
      &lt;td style=&quot;text-align: center&quot;&gt;❌&lt;/td&gt;
      &lt;td style=&quot;text-align: center&quot;&gt;✅&lt;/td&gt;
      &lt;td style=&quot;text-align: center&quot;&gt;✅&lt;/td&gt;
      &lt;td style=&quot;text-align: center&quot;&gt;❌&lt;/td&gt;
      &lt;td style=&quot;text-align: center&quot;&gt;❌&lt;/td&gt;
    &lt;/tr&gt;
    &lt;tr&gt;
      &lt;td style=&quot;text-align: left&quot;&gt;&lt;img src=&quot;/assets/images/ios-apps/coinmarkercap.webp&quot; width=&quot;50&quot; height=&quot;50&quot; /&gt; CoinMarketCap&lt;/td&gt;
      &lt;td style=&quot;text-align: center&quot;&gt;❌&lt;/td&gt;
      &lt;td style=&quot;text-align: center&quot;&gt;✅&lt;/td&gt;
      &lt;td style=&quot;text-align: center&quot;&gt;❌&lt;/td&gt;
      &lt;td style=&quot;text-align: center&quot;&gt;❌&lt;/td&gt;
      &lt;td style=&quot;text-align: center&quot;&gt;✅&lt;/td&gt;
      &lt;td style=&quot;text-align: center&quot;&gt;❌&lt;/td&gt;
      &lt;td style=&quot;text-align: center&quot;&gt;❌&lt;/td&gt;
      &lt;td style=&quot;text-align: center&quot;&gt;❌&lt;/td&gt;
    &lt;/tr&gt;
    &lt;tr&gt;
      &lt;td style=&quot;text-align: left&quot;&gt;&lt;img src=&quot;/assets/images/ios-apps/ftx.webp&quot; width=&quot;50&quot; height=&quot;50&quot; /&gt; FTX (anciennement Blockfolio)&lt;/td&gt;
      &lt;td style=&quot;text-align: center&quot;&gt;❌&lt;/td&gt;
      &lt;td style=&quot;text-align: center&quot;&gt;✅&lt;/td&gt;
      &lt;td style=&quot;text-align: center&quot;&gt;❌&lt;/td&gt;
      &lt;td style=&quot;text-align: center&quot;&gt;❌&lt;/td&gt;
      &lt;td style=&quot;text-align: center&quot;&gt;✅&lt;/td&gt;
      &lt;td style=&quot;text-align: center&quot;&gt;✅&lt;/td&gt;
      &lt;td style=&quot;text-align: center&quot;&gt;❌&lt;/td&gt;
      &lt;td style=&quot;text-align: center&quot;&gt;❌&lt;/td&gt;
    &lt;/tr&gt;
    &lt;tr&gt;
      &lt;td style=&quot;text-align: left&quot;&gt;&lt;img src=&quot;/assets/images/ios-apps/crypto.com.webp&quot; width=&quot;50&quot; height=&quot;50&quot; /&gt; Crypto.com - Buy Bitcoin, ETH&lt;/td&gt;
      &lt;td style=&quot;text-align: center&quot;&gt;❌&lt;/td&gt;
      &lt;td style=&quot;text-align: center&quot;&gt;✅&lt;/td&gt;
      &lt;td style=&quot;text-align: center&quot;&gt;✅&lt;/td&gt;
      &lt;td style=&quot;text-align: center&quot;&gt;❌&lt;/td&gt;
      &lt;td style=&quot;text-align: center&quot;&gt;✅&lt;/td&gt;
      &lt;td style=&quot;text-align: center&quot;&gt;❌&lt;/td&gt;
      &lt;td style=&quot;text-align: center&quot;&gt;❌&lt;/td&gt;
      &lt;td style=&quot;text-align: center&quot;&gt;❌&lt;/td&gt;
    &lt;/tr&gt;
  &lt;/tbody&gt;
&lt;/table&gt;

&lt;ul class=&quot;notice--warning&quot;&gt;
  &lt;li&gt;&lt;strong&gt;Universal links&lt;/strong&gt;, most of those Apps declare universal links (the fact to redirect the User inside the App if we navigate to an url of the website)&lt;/li&gt;
  &lt;li&gt;&lt;strong&gt;Apple Pay&lt;/strong&gt;, the App can do payment or transferts using ApplePay (it’s always better than having to give a Credit Card)&lt;/li&gt;
  &lt;li&gt;&lt;strong&gt;Wallet&lt;/strong&gt;, only Coinbase has developped a Coinbase Card integrated to Wallet&lt;/li&gt;
  &lt;li&gt;&lt;strong&gt;Keychain group&lt;/strong&gt;, a powerfull technology to store safely the data and share this with your other Apps &amp;amp; extensions.&lt;/li&gt;
  &lt;li&gt;&lt;strong&gt;Apple Sign In&lt;/strong&gt;, the Apple authentication process, only implemented by 50% of those Apps.&lt;/li&gt;
  &lt;li&gt;&lt;strong&gt;NFC Reader&lt;/strong&gt;, interesting features linked to NFC scanning and probably some partners integration to the Apps.&lt;/li&gt;
  &lt;li&gt;&lt;strong&gt;Web Credentials&lt;/strong&gt;, surprisly not the most implemented feature but very important to be able to share the User credentials with the web brower.&lt;/li&gt;
&lt;/ul&gt;

&lt;h2 id=&quot;integrations-inside-the-system&quot;&gt;Integrations inside the system&lt;/h2&gt;

&lt;p&gt;The App extensions are external components to increase the App visibility on the system.&lt;/p&gt;

&lt;table&gt;
  &lt;thead&gt;
    &lt;tr&gt;
      &lt;th style=&quot;text-align: left&quot;&gt;App&lt;/th&gt;
      &lt;th style=&quot;text-align: center&quot;&gt;Widget (old)&lt;/th&gt;
      &lt;th style=&quot;text-align: center&quot;&gt;Widget(s)&lt;/th&gt;
      &lt;th style=&quot;text-align: center&quot;&gt;Siri&lt;/th&gt;
      &lt;th style=&quot;text-align: center&quot;&gt;ReplayKit&lt;/th&gt;
      &lt;th style=&quot;text-align: center&quot;&gt;Notification service&lt;/th&gt;
    &lt;/tr&gt;
  &lt;/thead&gt;
  &lt;tbody&gt;
    &lt;tr&gt;
      &lt;td style=&quot;text-align: left&quot;&gt;&lt;img src=&quot;/assets/images/ios-apps/binance.webp&quot; width=&quot;50&quot; height=&quot;50&quot; /&gt; Binance: Buy Bitcoin &amp;amp; Crypto&lt;/td&gt;
      &lt;td style=&quot;text-align: center&quot;&gt;✅&lt;/td&gt;
      &lt;td style=&quot;text-align: center&quot;&gt;✅&lt;/td&gt;
      &lt;td style=&quot;text-align: center&quot;&gt;✅&lt;/td&gt;
      &lt;td style=&quot;text-align: center&quot;&gt;✅&lt;/td&gt;
      &lt;td style=&quot;text-align: center&quot;&gt;❌&lt;/td&gt;
    &lt;/tr&gt;
    &lt;tr&gt;
      &lt;td style=&quot;text-align: left&quot;&gt;&lt;img src=&quot;/assets/images/ios-apps/coinmarkercap.webp&quot; width=&quot;50&quot; height=&quot;50&quot; /&gt; CoinMarketCap&lt;/td&gt;
      &lt;td style=&quot;text-align: center&quot;&gt;❌&lt;/td&gt;
      &lt;td style=&quot;text-align: center&quot;&gt;✅&lt;/td&gt;
      &lt;td style=&quot;text-align: center&quot;&gt;✅&lt;/td&gt;
      &lt;td style=&quot;text-align: center&quot;&gt;❌&lt;/td&gt;
      &lt;td style=&quot;text-align: center&quot;&gt;✅&lt;/td&gt;
    &lt;/tr&gt;
    &lt;tr&gt;
      &lt;td style=&quot;text-align: left&quot;&gt;&lt;img src=&quot;/assets/images/ios-apps/coinbase.webp&quot; width=&quot;50&quot; height=&quot;50&quot; /&gt; Coinbase: Buy Bitcoin &amp;amp; Ether&lt;/td&gt;
      &lt;td style=&quot;text-align: center&quot;&gt;❌&lt;/td&gt;
      &lt;td style=&quot;text-align: center&quot;&gt;✅&lt;/td&gt;
      &lt;td style=&quot;text-align: center&quot;&gt;✅&lt;/td&gt;
      &lt;td style=&quot;text-align: center&quot;&gt;❌&lt;/td&gt;
      &lt;td style=&quot;text-align: center&quot;&gt;❌&lt;/td&gt;
    &lt;/tr&gt;
    &lt;tr&gt;
      &lt;td style=&quot;text-align: left&quot;&gt;&lt;img src=&quot;/assets/images/ios-apps/ftx.webp&quot; width=&quot;50&quot; height=&quot;50&quot; /&gt; FTX (anciennement Blockfolio)&lt;/td&gt;
      &lt;td style=&quot;text-align: center&quot;&gt;❌&lt;/td&gt;
      &lt;td style=&quot;text-align: center&quot;&gt;✅&lt;/td&gt;
      &lt;td style=&quot;text-align: center&quot;&gt;✅&lt;/td&gt;
      &lt;td style=&quot;text-align: center&quot;&gt;❌&lt;/td&gt;
      &lt;td style=&quot;text-align: center&quot;&gt;❌&lt;/td&gt;
    &lt;/tr&gt;
    &lt;tr&gt;
      &lt;td style=&quot;text-align: left&quot;&gt;&lt;img src=&quot;/assets/images/ios-apps/crypto.com.webp&quot; width=&quot;50&quot; height=&quot;50&quot; /&gt;Crypto.com - Buy Bitcoin, ETH&lt;/td&gt;
      &lt;td style=&quot;text-align: center&quot;&gt;❌&lt;/td&gt;
      &lt;td style=&quot;text-align: center&quot;&gt;❌&lt;/td&gt;
      &lt;td style=&quot;text-align: center&quot;&gt;❌&lt;/td&gt;
      &lt;td style=&quot;text-align: center&quot;&gt;❌&lt;/td&gt;
      &lt;td style=&quot;text-align: center&quot;&gt;✅&lt;/td&gt;
    &lt;/tr&gt;
    &lt;tr&gt;
      &lt;td style=&quot;text-align: left&quot;&gt;&lt;img src=&quot;/assets/images/ios-apps/metamask.webp&quot; width=&quot;50&quot; height=&quot;50&quot; /&gt; MetaMask - Blockchain Wallet&lt;/td&gt;
      &lt;td style=&quot;text-align: center&quot;&gt;❌&lt;/td&gt;
      &lt;td style=&quot;text-align: center&quot;&gt;❌&lt;/td&gt;
      &lt;td style=&quot;text-align: center&quot;&gt;❌&lt;/td&gt;
      &lt;td style=&quot;text-align: center&quot;&gt;❌&lt;/td&gt;
      &lt;td style=&quot;text-align: center&quot;&gt;✅&lt;/td&gt;
    &lt;/tr&gt;
    &lt;tr&gt;
      &lt;td style=&quot;text-align: left&quot;&gt;&lt;img src=&quot;/assets/images/ios-apps/zengo.webp&quot; width=&quot;50&quot; height=&quot;50&quot; /&gt;  ZenGo: Crypto &amp;amp; Bitcoin Wallet&lt;/td&gt;
      &lt;td style=&quot;text-align: center&quot;&gt;❌&lt;/td&gt;
      &lt;td style=&quot;text-align: center&quot;&gt;❌&lt;/td&gt;
      &lt;td style=&quot;text-align: center&quot;&gt;❌&lt;/td&gt;
      &lt;td style=&quot;text-align: center&quot;&gt;❌&lt;/td&gt;
      &lt;td style=&quot;text-align: center&quot;&gt;❌&lt;/td&gt;
    &lt;/tr&gt;
    &lt;tr&gt;
      &lt;td style=&quot;text-align: left&quot;&gt;&lt;img src=&quot;/assets/images/ios-apps/etoro money.webp&quot; width=&quot;50&quot; height=&quot;50&quot; /&gt; eToro Money&lt;/td&gt;
      &lt;td style=&quot;text-align: center&quot;&gt;❌&lt;/td&gt;
      &lt;td style=&quot;text-align: center&quot;&gt;❌&lt;/td&gt;
      &lt;td style=&quot;text-align: center&quot;&gt;❌&lt;/td&gt;
      &lt;td style=&quot;text-align: center&quot;&gt;❌&lt;/td&gt;
      &lt;td style=&quot;text-align: center&quot;&gt;❌&lt;/td&gt;
    &lt;/tr&gt;
  &lt;/tbody&gt;
&lt;/table&gt;

&lt;ul class=&quot;notice--warning&quot;&gt;
  &lt;li&gt;&lt;strong&gt;OLD Widget&lt;/strong&gt;, Binance is the only one to provivide this old version of the Widget for the lower iOS versions 👏.&lt;/li&gt;
  &lt;li&gt;&lt;strong&gt;new Widget&lt;/strong&gt;, new SwiftUI widget. Cool to present some synthetic information withtout starting the App.&lt;/li&gt;
  &lt;li&gt;&lt;strong&gt;Siri&lt;/strong&gt;, “hello Siri i want to do something”. You can talk to your device and present actions.&lt;/li&gt;
  &lt;li&gt;&lt;strong&gt;Notification Service&lt;/strong&gt;, a service to improve the presentation of the content of the notifications for the user.&lt;/li&gt;
  &lt;li&gt;&lt;strong&gt;ReplayKit&lt;/strong&gt;, interesting service (use only by Binance), probably to record/save some actions on device and your face for security reasons.&lt;/li&gt;
&lt;/ul&gt;</content><author><name>MORISSARD Jérôme</name><email>hello@appscan-hq.com</email></author><category term="Audits" /><category term="Benchmark" /><category term="App Interactions" /><category term="System Interactions" /><category term="Scheme" /><category term="Queried Scheme" /><category term="App Extensions" /><summary type="html">Apps relative to crypto are very recent. We wanted to study those Apps to make an smart article about technical stacks &amp;amp; good practices.</summary><media:thumbnail xmlns:media="http://search.yahoo.com/mrss/" url="https://appscan-hq.com/assets/images/illustrations/appscan-cryptos-snow.png" /><media:content medium="image" url="https://appscan-hq.com/assets/images/illustrations/appscan-cryptos-snow.png" xmlns:media="http://search.yahoo.com/mrss/" /></entry><entry><title type="html">Crypto Apps - Benchmark - Part 2 - Resources</title><link href="https://appscan-hq.com/appscan-crypto-apps-part-2-resources.html" rel="alternate" type="text/html" title="Crypto Apps - Benchmark - Part 2 - Resources" /><published>2022-08-28T00:00:00+02:00</published><updated>2022-08-28T00:00:00+02:00</updated><id>https://appscan-hq.com/crypto-bitcoin-wallet-apps-part-2-resources</id><content type="html" xml:base="https://appscan-hq.com/appscan-crypto-apps-part-2-resources.html">&lt;p&gt;Apps relative to crypto are very recent.&lt;br /&gt;
We wanted to study those Apps to make an smart article about technical stacks &amp;amp; good practices.&lt;/p&gt;

&lt;p&gt;What are the good things?&lt;/p&gt;

&lt;p&gt;What are the bad things in those about?&lt;/p&gt;

&lt;p&gt;What are the important points if you want to start to build a new App?&lt;/p&gt;

&lt;p&gt;To study those questions we have decided to take the most trendy applications and to compare them on technical aspects&lt;/p&gt;

&lt;p&gt;This article is the second of the serie :&lt;/p&gt;
&lt;ul&gt;
  &lt;li&gt;&lt;a href=&quot;/appscan-crypto-apps-part-1-introduction.html&quot;&gt;Part 1 - Introduction&lt;/a&gt;&lt;/li&gt;
  &lt;li&gt;👉 &lt;a href=&quot;/appscan-crypto-apps-part-2-resources.html&quot;&gt;Part 2 - Resources&lt;/a&gt;&lt;/li&gt;
  &lt;li&gt;&lt;a href=&quot;/appscan-crypto-apps-part-3-interactions.html&quot;&gt;Part 3 - Interactions&lt;/a&gt;&lt;/li&gt;
  &lt;li&gt;&lt;a href=&quot;/appscan-crypto-apps-part-4-security.html&quot;&gt;Part 4 - Security&lt;/a&gt;&lt;/li&gt;
&lt;/ul&gt;

&lt;p&gt;&lt;strong&gt;TLDR;&lt;/strong&gt;&lt;/p&gt;

&lt;ul&gt;
  &lt;li&gt;There is native Apps and Apps developed using a cross plateform solutions.&lt;/li&gt;
  &lt;li&gt;All Apps can provide a very rich User Experience and extends the system using App Extensions or interact with other Apps to improve the journey of a User.&lt;/li&gt;
  &lt;li&gt;The applications are characterized by the number of interactions with the system and the possible interactions with other Apps.&lt;/li&gt;
  &lt;li&gt;The packaging is really different depending on the technology of the application and this leads to resources not optimized and some security weaknesses.&lt;/li&gt;
&lt;/ul&gt;

&lt;h1 id=&quot;app-resources&quot;&gt;App Resources&lt;/h1&gt;

&lt;p&gt;In this section, we check to important metrics about the packaging of the App.&lt;/p&gt;
&lt;ul&gt;
  &lt;li&gt;How are managed the images? package in Assets? to be optimized by Apple on the App installation, or not?&lt;/li&gt;
  &lt;li&gt;How is configured the language support? Permissions are well localized? Is there missing values?&lt;/li&gt;
&lt;/ul&gt;

&lt;table&gt;
  &lt;thead&gt;
    &lt;tr&gt;
      &lt;th style=&quot;text-align: left&quot;&gt;App&lt;/th&gt;
      &lt;th style=&quot;text-align: center&quot;&gt;AppScore&lt;/th&gt;
      &lt;th style=&quot;text-align: left&quot;&gt;Details&lt;/th&gt;
      &lt;th&gt; &lt;/th&gt;
    &lt;/tr&gt;
  &lt;/thead&gt;
  &lt;tbody&gt;
    &lt;tr&gt;
      &lt;td style=&quot;text-align: left&quot;&gt;&lt;img src=&quot;/assets/images/ios-apps/metamask.webp&quot; width=&quot;50&quot; height=&quot;50&quot; /&gt; MetaMask - Blockchain Wallet&lt;/td&gt;
      &lt;td style=&quot;text-align: center&quot;&gt;6&lt;/td&gt;
      &lt;td style=&quot;text-align: left&quot;&gt;&lt;ul&gt;&lt;li&gt;✅ 40 languages&lt;/li&gt;&lt;li&gt;✅ Plurals management &lt;/li&gt;&lt;li&gt;✅ Images packaged in assets &lt;/li&gt;  &lt;/ul&gt;&lt;/td&gt;
      &lt;td&gt; &lt;/td&gt;
    &lt;/tr&gt;
    &lt;tr&gt;
      &lt;td style=&quot;text-align: left&quot;&gt;&lt;img src=&quot;/assets/images/ios-apps/binance.webp&quot; width=&quot;50&quot; height=&quot;50&quot; /&gt; Binance: Buy Bitcoin &amp;amp; Crypto&lt;/td&gt;
      &lt;td style=&quot;text-align: center&quot;&gt;5&lt;/td&gt;
      &lt;td style=&quot;text-align: left&quot;&gt;&lt;ul&gt;&lt;li&gt;✅ 9 languages&lt;/li&gt;&lt;li&gt;❌ Localized strings Custom Flutter (JSON file) &lt;/li&gt;&lt;li&gt;✅ Images packaged in assets &lt;/li&gt;  &lt;/ul&gt;&lt;/td&gt;
      &lt;td&gt; &lt;/td&gt;
    &lt;/tr&gt;
    &lt;tr&gt;
      &lt;td style=&quot;text-align: left&quot;&gt;&lt;img src=&quot;/assets/images/ios-apps/crypto.com.webp&quot; width=&quot;50&quot; height=&quot;50&quot; /&gt; Crypto.com - Buy Bitcoin, ETH&lt;/td&gt;
      &lt;td style=&quot;text-align: center&quot;&gt;4.5&lt;/td&gt;
      &lt;td style=&quot;text-align: left&quot;&gt;&lt;ul&gt;&lt;li&gt;✅ 20 languages&lt;/li&gt;&lt;li&gt;❌ Some missing translations detected &lt;/li&gt; &lt;li&gt;✅ Images packaged in assets &lt;/li&gt;  &lt;/ul&gt;&lt;/td&gt;
      &lt;td&gt; &lt;/td&gt;
    &lt;/tr&gt;
    &lt;tr&gt;
      &lt;td style=&quot;text-align: left&quot;&gt;&lt;img src=&quot;/assets/images/ios-apps/coinmarkercap.webp&quot; width=&quot;50&quot; height=&quot;50&quot; /&gt; CoinMarketCap&lt;/td&gt;
      &lt;td style=&quot;text-align: center&quot;&gt;4.5&lt;/td&gt;
      &lt;td style=&quot;text-align: left&quot;&gt;&lt;ul&gt;&lt;li&gt;✅ 21 languages&lt;/li&gt;&lt;li&gt;❌ Some missing translations detected &lt;/li&gt; &lt;li&gt;✅ Images packaged in assets &lt;/li&gt;  &lt;/ul&gt;&lt;/td&gt;
      &lt;td&gt; &lt;/td&gt;
    &lt;/tr&gt;
    &lt;tr&gt;
      &lt;td style=&quot;text-align: left&quot;&gt;&lt;img src=&quot;/assets/images/ios-apps/coinbase.webp&quot; width=&quot;50&quot; height=&quot;50&quot; /&gt; Coinbase: Buy Bitcoin &amp;amp; Ether&lt;/td&gt;
      &lt;td style=&quot;text-align: center&quot;&gt;3&lt;/td&gt;
      &lt;td style=&quot;text-align: left&quot;&gt;&lt;ul&gt;&lt;li&gt;✅ 18 languages&lt;/li&gt;&lt;li&gt;❌ images not optimized in assets &lt;/li&gt;&lt;li&gt;❌ @1x/2x/@3x&lt;/li&gt;&lt;li&gt;❌ image scales missing&lt;/li&gt;&lt;/ul&gt;&lt;/td&gt;
      &lt;td&gt; &lt;/td&gt;
    &lt;/tr&gt;
    &lt;tr&gt;
      &lt;td style=&quot;text-align: left&quot;&gt;&lt;img src=&quot;/assets/images/ios-apps/ftx.webp&quot; width=&quot;50&quot; height=&quot;50&quot; /&gt; FTX (anciennement Blockfolio)&lt;/td&gt;
      &lt;td style=&quot;text-align: center&quot;&gt;2.5&lt;/td&gt;
      &lt;td style=&quot;text-align: left&quot;&gt;&lt;ul&gt;&lt;li&gt;✅ 18 languages&lt;/li&gt;&lt;li&gt;❌ images not optimized in assets &lt;/li&gt;&lt;li&gt;❌ @1x/2x/@3x&lt;/li&gt;&lt;li&gt;❌ image scales missing&lt;/li&gt;&lt;/ul&gt;&lt;/td&gt;
      &lt;td&gt; &lt;/td&gt;
    &lt;/tr&gt;
    &lt;tr&gt;
      &lt;td style=&quot;text-align: left&quot;&gt;&lt;img src=&quot;/assets/images/ios-apps/zengo.webp&quot; width=&quot;50&quot; height=&quot;50&quot; /&gt; ZenGo: Crypto &amp;amp; Bitcoin Wallet&lt;/td&gt;
      &lt;td style=&quot;text-align: center&quot;&gt;2.5&lt;/td&gt;
      &lt;td style=&quot;text-align: left&quot;&gt;&lt;ul&gt;&lt;li&gt;❌ 1 language&lt;/li&gt;&lt;li&gt;❌ images not optimized in assets &lt;/li&gt;&lt;li&gt;❌ @1x/2x/@3x&lt;/li&gt;&lt;/ul&gt;&lt;/td&gt;
      &lt;td&gt; &lt;/td&gt;
    &lt;/tr&gt;
    &lt;tr&gt;
      &lt;td style=&quot;text-align: left&quot;&gt;&lt;img src=&quot;/assets/images/ios-apps/etoro money.webp&quot; width=&quot;50&quot; height=&quot;50&quot; /&gt; eToro Money&lt;/td&gt;
      &lt;td style=&quot;text-align: center&quot;&gt;2.5&lt;/td&gt;
      &lt;td style=&quot;text-align: left&quot;&gt;&lt;ul&gt;&lt;li&gt;❌ no official language declared (but custom in App) &lt;/li&gt;&lt;li&gt;❌ images not optimized in assets &lt;/li&gt;&lt;li&gt;❌ @1x/2x/@3x&lt;/li&gt;&lt;/ul&gt;&lt;/td&gt;
      &lt;td&gt; &lt;/td&gt;
    &lt;/tr&gt;
  &lt;/tbody&gt;
&lt;/table&gt;</content><author><name>MORISSARD Jérôme</name><email>hello@appscan-hq.com</email></author><category term="Audits" /><category term="Benchmark" /><category term="App Resources" /><category term="assets" /><category term="strings" /><category term="stringDict" /><category term="languages" /><category term="lproj" /><summary type="html">Apps relative to crypto are very recent. We wanted to study those Apps to make an smart article about technical stacks &amp;amp; good practices.</summary><media:thumbnail xmlns:media="http://search.yahoo.com/mrss/" url="https://appscan-hq.com/assets/images/illustrations/appscan-cryptos-snow.png" /><media:content medium="image" url="https://appscan-hq.com/assets/images/illustrations/appscan-cryptos-snow.png" xmlns:media="http://search.yahoo.com/mrss/" /></entry><entry><title type="html">Crypto Apps - Benchmark - Part 1 - Introduction</title><link href="https://appscan-hq.com/appscan-crypto-apps-part-1-introduction.html" rel="alternate" type="text/html" title="Crypto Apps - Benchmark - Part 1 - Introduction" /><published>2022-08-27T00:00:00+02:00</published><updated>2022-08-27T00:00:00+02:00</updated><id>https://appscan-hq.com/crypto-bitcoin-wallet-apps-part-1-introduction</id><content type="html" xml:base="https://appscan-hq.com/appscan-crypto-apps-part-1-introduction.html">&lt;p&gt;Apps relative to crypto are very recent and now common on the AppStore.&lt;br /&gt;
We wanted to study those Apps to make an smart article about technical stacks &amp;amp; good practices.&lt;/p&gt;

&lt;p&gt;What are the good things?&lt;/p&gt;

&lt;p&gt;What are the bad things in those about?&lt;/p&gt;

&lt;p&gt;What are the important points if you want to start to build a new App?&lt;/p&gt;

&lt;p&gt;To study those questions we have decided to take the most trendy applications and to compare them on technical aspects :&lt;/p&gt;

&lt;table&gt;
  &lt;thead&gt;
    &lt;tr&gt;
      &lt;th style=&quot;text-align: left&quot;&gt;App name&lt;/th&gt;
      &lt;th style=&quot;text-align: left&quot;&gt;BundleID&lt;/th&gt;
      &lt;th style=&quot;text-align: center&quot;&gt;version&lt;/th&gt;
    &lt;/tr&gt;
  &lt;/thead&gt;
  &lt;tbody&gt;
    &lt;tr&gt;
      &lt;td style=&quot;text-align: left&quot;&gt;&lt;img src=&quot;/assets/images/ios-apps/metamask.webp&quot; width=&quot;50&quot; height=&quot;50&quot; /&gt; MetaMask - Blockchain Wallet&lt;/td&gt;
      &lt;td style=&quot;text-align: left&quot;&gt;ee.mtakso.client&lt;/td&gt;
      &lt;td style=&quot;text-align: center&quot;&gt;65.1&lt;/td&gt;
    &lt;/tr&gt;
    &lt;tr&gt;
      &lt;td style=&quot;text-align: left&quot;&gt;&lt;img src=&quot;/assets/images/ios-apps/ftx.webp&quot; width=&quot;50&quot; height=&quot;50&quot; /&gt; FTX (Blockfolio)&lt;/td&gt;
      &lt;td style=&quot;text-align: left&quot;&gt;com.blockfolio.blockfolio&lt;/td&gt;
      &lt;td style=&quot;text-align: center&quot;&gt;4.10.5&lt;/td&gt;
    &lt;/tr&gt;
    &lt;tr&gt;
      &lt;td style=&quot;text-align: left&quot;&gt;&lt;img src=&quot;/assets/images/ios-apps/coinmarkercap.webp&quot; width=&quot;50&quot; height=&quot;50&quot; /&gt; CoinMarketCap&lt;/td&gt;
      &lt;td style=&quot;text-align: left&quot;&gt;com.coinmarketcap.CoinMarketCap&lt;/td&gt;
      &lt;td style=&quot;text-align: center&quot;&gt;4.2.0&lt;/td&gt;
    &lt;/tr&gt;
    &lt;tr&gt;
      &lt;td style=&quot;text-align: left&quot;&gt;&lt;img src=&quot;/assets/images/ios-apps/coinbase.webp&quot; width=&quot;50&quot; height=&quot;50&quot; /&gt; Coinbase: Buy Bitcoin &amp;amp; Ether&lt;/td&gt;
      &lt;td style=&quot;text-align: left&quot;&gt;com.vilcsak.bitcoin2&lt;/td&gt;
      &lt;td style=&quot;text-align: center&quot;&gt;10.29.4&lt;/td&gt;
    &lt;/tr&gt;
    &lt;tr&gt;
      &lt;td style=&quot;text-align: left&quot;&gt;&lt;img src=&quot;/assets/images/ios-apps/crypto.com.webp&quot; width=&quot;50&quot; height=&quot;50&quot; /&gt; Crypto.com  - Buy Bitcoin, ETH&lt;/td&gt;
      &lt;td style=&quot;text-align: left&quot;&gt;co.mona.Monaco&lt;/td&gt;
      &lt;td style=&quot;text-align: center&quot;&gt;3.143&lt;/td&gt;
    &lt;/tr&gt;
    &lt;tr&gt;
      &lt;td style=&quot;text-align: left&quot;&gt;&lt;img src=&quot;/assets/images/ios-apps/binance.webp&quot; width=&quot;50&quot; height=&quot;50&quot; /&gt; Binance: Buy Bitcoin &amp;amp; Crypto&lt;/td&gt;
      &lt;td style=&quot;text-align: left&quot;&gt;com.czzhao.binance&lt;/td&gt;
      &lt;td style=&quot;text-align: center&quot;&gt;2.50.0&lt;/td&gt;
    &lt;/tr&gt;
    &lt;tr&gt;
      &lt;td style=&quot;text-align: left&quot;&gt;&lt;img src=&quot;/assets/images/ios-apps/zengo.webp&quot; width=&quot;50&quot; height=&quot;50&quot; /&gt; ZenGo: Crypto &amp;amp; Bitcoin Wallet&lt;/td&gt;
      &lt;td style=&quot;text-align: left&quot;&gt;kzencorp.mobile.ios&lt;/td&gt;
      &lt;td style=&quot;text-align: center&quot;&gt;4.1.2&lt;/td&gt;
    &lt;/tr&gt;
    &lt;tr&gt;
      &lt;td style=&quot;text-align: left&quot;&gt;&lt;img src=&quot;/assets/images/ios-apps/etoro money.webp&quot; width=&quot;50&quot; height=&quot;50&quot; /&gt; eToro Money&lt;/td&gt;
      &lt;td style=&quot;text-align: left&quot;&gt;com.etoro.wallet&lt;/td&gt;
      &lt;td style=&quot;text-align: center&quot;&gt;48.0.0&lt;/td&gt;
    &lt;/tr&gt;
  &lt;/tbody&gt;
&lt;/table&gt;

&lt;p&gt;This article is the one a serie :&lt;/p&gt;
&lt;ul&gt;
  &lt;li&gt;👉 &lt;a href=&quot;/appscan-crypto-apps-part-1-introduction.html&quot;&gt;Part 1 - Introduction&lt;/a&gt;&lt;/li&gt;
  &lt;li&gt;&lt;a href=&quot;/appscan-crypto-apps-part-2-resources.html&quot;&gt;Part 2 - Resources&lt;/a&gt;&lt;/li&gt;
  &lt;li&gt;&lt;a href=&quot;/appscan-crypto-apps-part-3-interactions.html&quot;&gt;Part 3 - Interactions&lt;/a&gt;&lt;/li&gt;
  &lt;li&gt;&lt;a href=&quot;/appscan-crypto-apps-part-4-security.html&quot;&gt;Part 4 - Security&lt;/a&gt;&lt;/li&gt;
&lt;/ul&gt;

&lt;p&gt;&lt;strong&gt;TLDR;&lt;/strong&gt;&lt;/p&gt;

&lt;ul&gt;
  &lt;li&gt;There is native Apps and Apps developed using a cross plateform solutions.&lt;/li&gt;
  &lt;li&gt;All Apps can provide a very rich User Experience and extends the system using App Extensions or interact with other Apps to improve the journey of a User.&lt;/li&gt;
  &lt;li&gt;The applications are characterized by the number of interactions with the system and the possible interactions with other Apps.&lt;/li&gt;
  &lt;li&gt;The packaging is really different depending on the technology of the application and this leads to resources not optimized and some security weaknesses.&lt;/li&gt;
&lt;/ul&gt;

&lt;h1 id=&quot;appscores&quot;&gt;AppScores&lt;/h1&gt;

&lt;p&gt;AppScore give an objective &amp;amp; synthetic vision of any Apps, just by focusing on quality criteria.&lt;br /&gt;
&lt;a href=&quot;/appscan-appscore.html&quot;&gt;If you want to get more details about AppScore computation&lt;/a&gt;&lt;/p&gt;

&lt;table&gt;
  &lt;thead&gt;
    &lt;tr&gt;
      &lt;th style=&quot;text-align: left&quot;&gt;App&lt;/th&gt;
      &lt;th style=&quot;text-align: left&quot;&gt;AppScore&lt;/th&gt;
    &lt;/tr&gt;
  &lt;/thead&gt;
  &lt;tbody&gt;
    &lt;tr&gt;
      &lt;td style=&quot;text-align: left&quot;&gt;&lt;img src=&quot;/assets/images/ios-apps/metamask.webp&quot; width=&quot;50&quot; height=&quot;50&quot; /&gt; MetaMask - Blockchain Wallet&lt;/td&gt;
      &lt;td style=&quot;text-align: left&quot;&gt;4.77&lt;/td&gt;
    &lt;/tr&gt;
    &lt;tr&gt;
      &lt;td style=&quot;text-align: left&quot;&gt;&lt;img src=&quot;/assets/images/ios-apps/ftx.webp&quot; width=&quot;50&quot; height=&quot;50&quot; /&gt; FTX (Blockfolio)&lt;/td&gt;
      &lt;td style=&quot;text-align: left&quot;&gt;4.14&lt;/td&gt;
    &lt;/tr&gt;
    &lt;tr&gt;
      &lt;td style=&quot;text-align: left&quot;&gt;&lt;img src=&quot;/assets/images/ios-apps/coinmarkercap.webp&quot; width=&quot;50&quot; height=&quot;50&quot; /&gt; CoinMarketCap&lt;/td&gt;
      &lt;td style=&quot;text-align: left&quot;&gt;4.14&lt;/td&gt;
    &lt;/tr&gt;
    &lt;tr&gt;
      &lt;td style=&quot;text-align: left&quot;&gt;&lt;img src=&quot;/assets/images/ios-apps/coinbase.webp&quot; width=&quot;50&quot; height=&quot;50&quot; /&gt; Coinbase: Buy Bitcoin &amp;amp; Ether&lt;/td&gt;
      &lt;td style=&quot;text-align: left&quot;&gt;4.05&lt;/td&gt;
    &lt;/tr&gt;
    &lt;tr&gt;
      &lt;td style=&quot;text-align: left&quot;&gt;&lt;img src=&quot;/assets/images/ios-apps/crypto.com.webp&quot; width=&quot;50&quot; height=&quot;50&quot; /&gt; Crypto.com  - Buy Bitcoin, ETH&lt;/td&gt;
      &lt;td style=&quot;text-align: left&quot;&gt;4.00&lt;/td&gt;
    &lt;/tr&gt;
    &lt;tr&gt;
      &lt;td style=&quot;text-align: left&quot;&gt;&lt;img src=&quot;/assets/images/ios-apps/binance.webp&quot; width=&quot;50&quot; height=&quot;50&quot; /&gt; Binance: Buy Bitcoin &amp;amp; Crypto&lt;/td&gt;
      &lt;td style=&quot;text-align: left&quot;&gt;3.95&lt;/td&gt;
    &lt;/tr&gt;
    &lt;tr&gt;
      &lt;td style=&quot;text-align: left&quot;&gt;&lt;img src=&quot;/assets/images/ios-apps/zengo.webp&quot; width=&quot;50&quot; height=&quot;50&quot; /&gt; ZenGo: Crypto &amp;amp; Bitcoin Wallet&lt;/td&gt;
      &lt;td style=&quot;text-align: left&quot;&gt;3.64&lt;/td&gt;
    &lt;/tr&gt;
    &lt;tr&gt;
      &lt;td style=&quot;text-align: left&quot;&gt;&lt;img src=&quot;/assets/images/ios-apps/etoro money.webp&quot; width=&quot;50&quot; height=&quot;50&quot; /&gt; eToro Money&lt;/td&gt;
      &lt;td style=&quot;text-align: left&quot;&gt;3.41&lt;/td&gt;
    &lt;/tr&gt;
  &lt;/tbody&gt;
&lt;/table&gt;

&lt;ul class=&quot;notice--warning&quot;&gt;
  &lt;li&gt;MetaMask is clearly over the other apps&lt;/li&gt;
&lt;/ul&gt;

&lt;h2 id=&quot;technologies&quot;&gt;Technologies&lt;/h2&gt;

&lt;p&gt;The technologies is evaluated using multiple hints inside the App bundle.&lt;/p&gt;

&lt;table&gt;
  &lt;thead&gt;
    &lt;tr&gt;
      &lt;th style=&quot;text-align: left&quot;&gt;App&lt;/th&gt;
      &lt;th style=&quot;text-align: left&quot;&gt;Technology&lt;/th&gt;
    &lt;/tr&gt;
  &lt;/thead&gt;
  &lt;tbody&gt;
    &lt;tr&gt;
      &lt;td style=&quot;text-align: left&quot;&gt;&lt;img src=&quot;/assets/images/ios-apps/crypto.com.webp&quot; width=&quot;50&quot; height=&quot;50&quot; /&gt; Crypto.com - Buy Bitcoin, ETH&lt;/td&gt;
      &lt;td style=&quot;text-align: left&quot;&gt;Native&lt;/td&gt;
    &lt;/tr&gt;
    &lt;tr&gt;
      &lt;td style=&quot;text-align: left&quot;&gt;&lt;img src=&quot;/assets/images/ios-apps/metamask.webp&quot; width=&quot;50&quot; height=&quot;50&quot; /&gt; MetaMask - Blockchain Wallet&lt;/td&gt;
      &lt;td style=&quot;text-align: left&quot;&gt;Native&lt;/td&gt;
    &lt;/tr&gt;
    &lt;tr&gt;
      &lt;td style=&quot;text-align: left&quot;&gt;&lt;img src=&quot;/assets/images/ios-apps/binance.webp&quot; width=&quot;50&quot; height=&quot;50&quot; /&gt; Binance: Buy Bitcoin &amp;amp; Crypto&lt;/td&gt;
      &lt;td style=&quot;text-align: left&quot;&gt;Native &amp;amp; Flutter&lt;/td&gt;
    &lt;/tr&gt;
    &lt;tr&gt;
      &lt;td style=&quot;text-align: left&quot;&gt;&lt;img src=&quot;/assets/images/ios-apps/coinmarkercap.webp&quot; width=&quot;50&quot; height=&quot;50&quot; /&gt; CoinMarketCap&lt;/td&gt;
      &lt;td style=&quot;text-align: left&quot;&gt;Flutter&lt;/td&gt;
    &lt;/tr&gt;
    &lt;tr&gt;
      &lt;td style=&quot;text-align: left&quot;&gt;&lt;img src=&quot;/assets/images/ios-apps/zengo.webp&quot; width=&quot;50&quot; height=&quot;50&quot; /&gt; ZenGo: Crypto &amp;amp; Bitcoin Wallet&lt;/td&gt;
      &lt;td style=&quot;text-align: left&quot;&gt;Reach Native&lt;/td&gt;
    &lt;/tr&gt;
    &lt;tr&gt;
      &lt;td style=&quot;text-align: left&quot;&gt;&lt;img src=&quot;/assets/images/ios-apps/coinbase.webp&quot; width=&quot;50&quot; height=&quot;50&quot; /&gt; Coinbase: Buy Bitcoin &amp;amp; Ether&lt;/td&gt;
      &lt;td style=&quot;text-align: left&quot;&gt;Reach Native&lt;/td&gt;
    &lt;/tr&gt;
    &lt;tr&gt;
      &lt;td style=&quot;text-align: left&quot;&gt;&lt;img src=&quot;/assets/images/ios-apps/ftx.webp&quot; width=&quot;50&quot; height=&quot;50&quot; /&gt; FTX (anciennement Blockfolio)&lt;/td&gt;
      &lt;td style=&quot;text-align: left&quot;&gt;Reach Native&lt;/td&gt;
    &lt;/tr&gt;
    &lt;tr&gt;
      &lt;td style=&quot;text-align: left&quot;&gt;&lt;img src=&quot;/assets/images/ios-apps/etoro money.webp&quot; width=&quot;50&quot; height=&quot;50&quot; /&gt; eToro Money&lt;/td&gt;
      &lt;td style=&quot;text-align: left&quot;&gt;Web&lt;/td&gt;
    &lt;/tr&gt;
  &lt;/tbody&gt;
&lt;/table&gt;

&lt;ul class=&quot;notice--warning&quot;&gt;
  &lt;li&gt;A lot af alternative technologies are used&lt;/li&gt;
  &lt;li&gt;Native is not the most common implementation&lt;/li&gt;
  &lt;li&gt;3 React Native Apps and 2 Flutter Apps&lt;/li&gt;
&lt;/ul&gt;

&lt;h2 id=&quot;minimal-ios-version&quot;&gt;Minimal iOS version&lt;/h2&gt;

&lt;table&gt;
  &lt;thead&gt;
    &lt;tr&gt;
      &lt;th style=&quot;text-align: left&quot;&gt;App&lt;/th&gt;
      &lt;th style=&quot;text-align: center&quot;&gt;Minimal iOS version&lt;/th&gt;
    &lt;/tr&gt;
  &lt;/thead&gt;
  &lt;tbody&gt;
    &lt;tr&gt;
      &lt;td style=&quot;text-align: left&quot;&gt;&lt;img src=&quot;/assets/images/ios-apps/zengo.webp&quot; width=&quot;50&quot; height=&quot;50&quot; /&gt; ZenGo: Crypto &amp;amp; Bitcoin Wallet&lt;/td&gt;
      &lt;td style=&quot;text-align: center&quot;&gt;11.0&lt;/td&gt;
    &lt;/tr&gt;
    &lt;tr&gt;
      &lt;td style=&quot;text-align: left&quot;&gt;&lt;img src=&quot;/assets/images/ios-apps/etoro money.webp&quot; width=&quot;50&quot; height=&quot;50&quot; /&gt; eToro Money&lt;/td&gt;
      &lt;td style=&quot;text-align: center&quot;&gt;11.0&lt;/td&gt;
    &lt;/tr&gt;
    &lt;tr&gt;
      &lt;td style=&quot;text-align: left&quot;&gt;&lt;img src=&quot;/assets/images/ios-apps/coinmarkercap.webp&quot; width=&quot;50&quot; height=&quot;50&quot; /&gt; CoinMarketCap&lt;/td&gt;
      &lt;td style=&quot;text-align: center&quot;&gt;11.0&lt;/td&gt;
    &lt;/tr&gt;
    &lt;tr&gt;
      &lt;td style=&quot;text-align: left&quot;&gt;&lt;img src=&quot;/assets/images/ios-apps/ftx.webp&quot; width=&quot;50&quot; height=&quot;50&quot; /&gt; FTX (anciennement Blockfolio)&lt;/td&gt;
      &lt;td style=&quot;text-align: center&quot;&gt;11.0&lt;/td&gt;
    &lt;/tr&gt;
    &lt;tr&gt;
      &lt;td style=&quot;text-align: left&quot;&gt;&lt;img src=&quot;/assets/images/ios-apps/coinbase.webp&quot; width=&quot;50&quot; height=&quot;50&quot; /&gt; Coinbase: Buy Bitcoin &amp;amp; Ether&lt;/td&gt;
      &lt;td style=&quot;text-align: center&quot;&gt;12.0&lt;/td&gt;
    &lt;/tr&gt;
    &lt;tr&gt;
      &lt;td style=&quot;text-align: left&quot;&gt;&lt;img src=&quot;/assets/images/ios-apps/binance.webp&quot; width=&quot;50&quot; height=&quot;50&quot; /&gt; Binance: Buy Bitcoin &amp;amp; Crypto&lt;/td&gt;
      &lt;td style=&quot;text-align: center&quot;&gt;12.0&lt;/td&gt;
    &lt;/tr&gt;
    &lt;tr&gt;
      &lt;td style=&quot;text-align: left&quot;&gt;&lt;img src=&quot;/assets/images/ios-apps/metamask.webp&quot; width=&quot;50&quot; height=&quot;50&quot; /&gt; MetaMask - Blockchain Wallet&lt;/td&gt;
      &lt;td style=&quot;text-align: center&quot;&gt;12.0&lt;/td&gt;
    &lt;/tr&gt;
    &lt;tr&gt;
      &lt;td style=&quot;text-align: left&quot;&gt;&lt;img src=&quot;/assets/images/ios-apps/crypto.com.webp&quot; width=&quot;50&quot; height=&quot;50&quot; /&gt; Crypto.com - Buy Bitcoin, ETH&lt;/td&gt;
      &lt;td style=&quot;text-align: center&quot;&gt;13.0&lt;/td&gt;
    &lt;/tr&gt;
  &lt;/tbody&gt;
&lt;/table&gt;

&lt;ul class=&quot;notice--warning&quot;&gt;
  &lt;li&gt;Crypto.com requires iOS 13.0 which is not a bad idea but you loose some % of devices&lt;/li&gt;
&lt;/ul&gt;

&lt;h2 id=&quot;app-size&quot;&gt;App Size&lt;/h2&gt;

&lt;p&gt;App size is important to be able to be easyly installed and not to limited because of the network.&lt;br /&gt;
And not be the 1st application uninstalled if the device has less space.&lt;/p&gt;

&lt;table&gt;
  &lt;thead&gt;
    &lt;tr&gt;
      &lt;th style=&quot;text-align: left&quot;&gt;App&lt;/th&gt;
      &lt;th style=&quot;text-align: left&quot;&gt;Size&lt;/th&gt;
    &lt;/tr&gt;
  &lt;/thead&gt;
  &lt;tbody&gt;
    &lt;tr&gt;
      &lt;td style=&quot;text-align: left&quot;&gt;&lt;img src=&quot;/assets/images/ios-apps/ftx.webp&quot; width=&quot;50&quot; height=&quot;50&quot; /&gt; FTX (anciennement Blockfolio)&lt;/td&gt;
      &lt;td style=&quot;text-align: left&quot;&gt;28 Mb&lt;/td&gt;
    &lt;/tr&gt;
    &lt;tr&gt;
      &lt;td style=&quot;text-align: left&quot;&gt;&lt;img src=&quot;/assets/images/ios-apps/zengo.webp&quot; width=&quot;50&quot; height=&quot;50&quot; /&gt; ZenGo: Crypto &amp;amp; Bitcoin Wallet&lt;/td&gt;
      &lt;td style=&quot;text-align: left&quot;&gt;56 Mb&lt;/td&gt;
    &lt;/tr&gt;
    &lt;tr&gt;
      &lt;td style=&quot;text-align: left&quot;&gt;&lt;img src=&quot;/assets/images/ios-apps/coinbase.webp&quot; width=&quot;50&quot; height=&quot;50&quot; /&gt; Coinbase: Buy Bitcoin &amp;amp; Ether&lt;/td&gt;
      &lt;td style=&quot;text-align: left&quot;&gt;66 Mb&lt;/td&gt;
    &lt;/tr&gt;
    &lt;tr&gt;
      &lt;td style=&quot;text-align: left&quot;&gt;&lt;img src=&quot;/assets/images/ios-apps/coinmarkercap.webp&quot; width=&quot;50&quot; height=&quot;50&quot; /&gt; CoinMarketCap&lt;/td&gt;
      &lt;td style=&quot;text-align: left&quot;&gt;70 Mb&lt;/td&gt;
    &lt;/tr&gt;
    &lt;tr&gt;
      &lt;td style=&quot;text-align: left&quot;&gt;&lt;img src=&quot;/assets/images/ios-apps/etoro money.webp&quot; width=&quot;50&quot; height=&quot;50&quot; /&gt; eToro Money&lt;/td&gt;
      &lt;td style=&quot;text-align: left&quot;&gt;79 Mb&lt;/td&gt;
    &lt;/tr&gt;
    &lt;tr&gt;
      &lt;td style=&quot;text-align: left&quot;&gt;&lt;img src=&quot;/assets/images/ios-apps/metamask.webp&quot; width=&quot;50&quot; height=&quot;50&quot; /&gt; MetaMask - Blockchain Wallet&lt;/td&gt;
      &lt;td style=&quot;text-align: left&quot;&gt;117 Mb&lt;/td&gt;
    &lt;/tr&gt;
    &lt;tr&gt;
      &lt;td style=&quot;text-align: left&quot;&gt;&lt;img src=&quot;/assets/images/ios-apps/crypto.com.webp&quot; width=&quot;50&quot; height=&quot;50&quot; /&gt; Crypto.com - Buy Bitcoin, ETH&lt;/td&gt;
      &lt;td style=&quot;text-align: left&quot;&gt;246 Mb&lt;/td&gt;
    &lt;/tr&gt;
    &lt;tr&gt;
      &lt;td style=&quot;text-align: left&quot;&gt;&lt;img src=&quot;/assets/images/ios-apps/binance.webp&quot; width=&quot;50&quot; height=&quot;50&quot; /&gt; Binance: Buy Bitcoin &amp;amp; Crypto&lt;/td&gt;
      &lt;td style=&quot;text-align: left&quot;&gt;540 Mb&lt;/td&gt;
    &lt;/tr&gt;
  &lt;/tbody&gt;
&lt;/table&gt;

&lt;ul class=&quot;notice--warning&quot;&gt;
  &lt;li&gt;Binance, why is it so big?
    &lt;ul&gt;
      &lt;li&gt;a lootttt of assets in a lot of internal frameworks.&lt;/li&gt;
    &lt;/ul&gt;
  &lt;/li&gt;
  &lt;li&gt;Crypto.com,  why is it so big?
    &lt;ul&gt;
      &lt;li&gt;lot of assets (of big assets) … maybe time to migrate to more vectorial integrations&lt;/li&gt;
    &lt;/ul&gt;
  &lt;/li&gt;
&lt;/ul&gt;</content><author><name>MORISSARD Jérôme</name><email>hello@appscan-hq.com</email></author><category term="Audits" /><category term="Benchmark" /><category term="AppScore" /><category term="AppSize" /><category term="Native" /><category term="Xamarin" /><category term="Flutter" /><category term="React Native" /><summary type="html">Apps relative to crypto are very recent and now common on the AppStore. We wanted to study those Apps to make an smart article about technical stacks &amp;amp; good practices.</summary><media:thumbnail xmlns:media="http://search.yahoo.com/mrss/" url="https://appscan-hq.com/assets/images/illustrations/appscan-cryptos-snow.png" /><media:content medium="image" url="https://appscan-hq.com/assets/images/illustrations/appscan-cryptos-snow.png" xmlns:media="http://search.yahoo.com/mrss/" /></entry><entry><title type="html">Apple Transport Security or not</title><link href="https://appscan-hq.com/appscan-appstore-AppTransportSecurity.html" rel="alternate" type="text/html" title="Apple Transport Security or not" /><published>2022-08-11T00:00:00+02:00</published><updated>2022-08-11T00:00:00+02:00</updated><id>https://appscan-hq.com/app-transport-security</id><content type="html" xml:base="https://appscan-hq.com/appscan-appstore-AppTransportSecurity.html">&lt;p&gt;On iOS, the network exchanges is an important layer of the security. &lt;br /&gt;
This layer is used by the App when performing network requests with :&lt;/p&gt;
&lt;ul&gt;
  &lt;li&gt;URLSession,&lt;/li&gt;
  &lt;li&gt;URLConnection,&lt;/li&gt;
  &lt;li&gt;WKWebView loading,&lt;/li&gt;
  &lt;li&gt;Thirdparty librairies (Alamofire, AFNetworking)&lt;/li&gt;
&lt;/ul&gt;

&lt;p&gt;Using our current database we have discovered that 48% of the iOS app have remove or disable this protection.&lt;/p&gt;

&lt;p&gt;&lt;img src=&quot;/assets/images/ATT-48pourcent.png&quot; alt=&quot;&quot; class=&quot;full&quot; /&gt;&lt;/p&gt;</content><author><name>MORISSARD Jérôme</name><email>hello@appscan-hq.com</email></author><category term="AppStore" /><category term="Security" /><category term="NSAllowsArbitraryLoads" /><category term="NSAppTransportSecurity" /><summary type="html">On iOS, the network exchanges is an important layer of the security. This layer is used by the App when performing network requests with : URLSession, URLConnection, WKWebView loading, Thirdparty librairies (Alamofire, AFNetworking)</summary></entry><entry><title type="html">AppScan - data collection</title><link href="https://appscan-hq.com/appscan-data-collect.html" rel="alternate" type="text/html" title="AppScan - data collection" /><published>2022-07-11T00:00:00+02:00</published><updated>2022-07-11T00:00:00+02:00</updated><id>https://appscan-hq.com/data-collection</id><content type="html" xml:base="https://appscan-hq.com/appscan-data-collect.html">&lt;p&gt;I started to work on that project some years ago. I was working another project RocketSkill, a quizz App for the tech recruiters.&lt;br /&gt;
I was trying to aggregate lot of data to get a global vision of the AppStore and give some recommandations to new iOS developers. &lt;br /&gt;
What libraries are important to know? How to improve my learning curve on the platform?&lt;/p&gt;

&lt;p&gt;After some months, i was able to generate a first list of frameworks sorted by usage of the AppStore.&lt;br /&gt;
This was already funny to discover some new frameworks using this method.&lt;/p&gt;

&lt;p&gt;Finally, i decided to continue my research about the ipa structure &amp;amp; organizations and to conclude i made the AppScan tool, to collect &amp;amp; organize the App data.&lt;/p&gt;

&lt;ul&gt;
  &lt;li&gt;Environment
    &lt;ul&gt;
      &lt;li&gt;Xcode version&lt;/li&gt;
      &lt;li&gt;Service env urls&lt;/li&gt;
      &lt;li&gt;App technology&lt;/li&gt;
    &lt;/ul&gt;
  &lt;/li&gt;
  &lt;li&gt;App configuration
    &lt;ul&gt;
      &lt;li&gt;Apple Info.plist Keys&lt;/li&gt;
      &lt;li&gt;Extra Info.plist Keys&lt;/li&gt;
      &lt;li&gt;Permissions&lt;/li&gt;
    &lt;/ul&gt;
  &lt;/li&gt;
  &lt;li&gt;Resources
    &lt;ul&gt;
      &lt;li&gt;Assets missing 1x 2x 3x&lt;/li&gt;
      &lt;li&gt;Assets organization&lt;/li&gt;
      &lt;li&gt;Languages supports&lt;/li&gt;
      &lt;li&gt;ThirdParty librairies&lt;/li&gt;
      &lt;li&gt;Apple librairies&lt;/li&gt;
    &lt;/ul&gt;
  &lt;/li&gt;
  &lt;li&gt;Security
    &lt;ul&gt;
      &lt;li&gt;risky files&lt;/li&gt;
      &lt;li&gt;Bad configurations&lt;/li&gt;
      &lt;li&gt;Bad environments&lt;/li&gt;
      &lt;li&gt;Schemes&lt;/li&gt;
    &lt;/ul&gt;
  &lt;/li&gt;
  &lt;li&gt;Extra features
    &lt;ul&gt;
      &lt;li&gt;Extensions&lt;/li&gt;
      &lt;li&gt;Entitlemented features&lt;/li&gt;
      &lt;li&gt;Cool Apple featured SDK : ARKit, SwiftUI&lt;/li&gt;
    &lt;/ul&gt;
  &lt;/li&gt;
&lt;/ul&gt;</content><author><name>MORISSARD Jérôme</name><email>hello@appscan-hq.com</email></author><category term="AppStore" /><category term="Product" /><category term="ipa" /><category term="scan" /><summary type="html">I started to work on that project some years ago. I was working another project RocketSkill, a quizz App for the tech recruiters. I was trying to aggregate lot of data to get a global vision of the AppStore and give some recommandations to new iOS developers. What libraries are important to know? How to improve my learning curve on the platform? After some months, i was able to generate a first list of frameworks sorted by usage of the AppStore. This was already funny to discover some new frameworks using this method. Finally, i decided to continue my research about the ipa structure &amp;amp; organizations and to conclude i made the AppScan tool, to collect &amp;amp; organize the App data.</summary><media:thumbnail xmlns:media="http://search.yahoo.com/mrss/" url="https://appscan-hq.com/assets/images/illustrations/appscan-apps-painting-style.png" /><media:content medium="image" url="https://appscan-hq.com/assets/images/illustrations/appscan-apps-painting-style.png" xmlns:media="http://search.yahoo.com/mrss/" /></entry><entry><title type="html">AppScore - definition</title><link href="https://appscan-hq.com/appscan-appscore.html" rel="alternate" type="text/html" title="AppScore - definition" /><published>2022-07-01T00:00:00+02:00</published><updated>2022-07-01T00:00:00+02:00</updated><id>https://appscan-hq.com/appscore-definition</id><content type="html" xml:base="https://appscan-hq.com/appscan-appscore.html">&lt;p&gt;&lt;strong&gt;why?&lt;/strong&gt;&lt;br /&gt;
We have created an AppScore :&lt;/p&gt;
&lt;ul&gt;
  &lt;li&gt;To be more objective to judge a App&lt;/li&gt;
  &lt;li&gt;Detect strenghts and the weaknesses of the App.&lt;/li&gt;
  &lt;li&gt;Be able to compare Apps&lt;/li&gt;
&lt;/ul&gt;

&lt;p&gt;AppScore computation is the sum of multiple scores:&lt;/p&gt;

&lt;p&gt;&lt;strong&gt;App environment&lt;/strong&gt; - Xcode version can be detected. It’s interesting to see the adoption of the most recent version of Xcode to adapt the App to new iOS features.&lt;/p&gt;

&lt;p&gt;&lt;strong&gt;Technology use for the development&lt;/strong&gt; - Major technology used for the App development, can be evaluated using some packaging hints.&lt;/p&gt;

&lt;p&gt;&lt;strong&gt;App minimal iOS version&lt;/strong&gt; - Give an estimation of the reachable number of devices&lt;/p&gt;

&lt;p&gt;&lt;strong&gt;App size&lt;/strong&gt; - Tt’s big or not? And detect why&lt;/p&gt;

&lt;p&gt;&lt;strong&gt;App permissions&lt;/strong&gt; - Give an interesting smelling of the possible features of the App&lt;/p&gt;

&lt;p&gt;&lt;strong&gt;App supported languages&lt;/strong&gt; - Give a best vision of the targeted users&lt;/p&gt;

&lt;p&gt;&lt;strong&gt;App resources&lt;/strong&gt; - Discover some optimizations and packaging errors&lt;/p&gt;

&lt;p&gt;&lt;strong&gt;App librairies&lt;/strong&gt; - Super tech vision of the App Technical Stack and guessing some features and the strategy of development&lt;/p&gt;

&lt;p&gt;&lt;strong&gt;App security&lt;/strong&gt; - God dam shit&lt;/p&gt;

&lt;p&gt;&lt;strong&gt;App - interactions with other Apps&lt;/strong&gt; - Users like to have their preferences considered&lt;/p&gt;

&lt;p&gt;&lt;strong&gt;App - interactions with the iOS system&lt;/strong&gt; - Yeah! Very good points to be loved by Apple and maybe the Users&lt;/p&gt;</content><author><name>MORISSARD Jérôme</name><email>hello@appscan-hq.com</email></author><category term="AppStore" /><category term="AppScore" /><summary type="html">why? We have created an AppScore : To be more objective to judge a App Detect strenghts and the weaknesses of the App. Be able to compare Apps</summary><media:thumbnail xmlns:media="http://search.yahoo.com/mrss/" url="https://appscan-hq.com/assets/images/illustrations/appscan-complex-problem.png" /><media:content medium="image" url="https://appscan-hq.com/assets/images/illustrations/appscan-complex-problem.png" xmlns:media="http://search.yahoo.com/mrss/" /></entry><entry><title type="html">App Technologies</title><link href="https://appscan-hq.com/appscan-appstore-technologies.html" rel="alternate" type="text/html" title="App Technologies" /><published>2022-06-28T00:00:00+02:00</published><updated>2022-06-28T00:00:00+02:00</updated><id>https://appscan-hq.com/app-technologies</id><content type="html" xml:base="https://appscan-hq.com/appscan-appstore-technologies.html">&lt;p&gt;Since 10 years we have seen a lot of cross-plateform technologies.&lt;br /&gt;
Every time, there is some reasons to select an alternative technology.&lt;/p&gt;

&lt;ul&gt;
  &lt;li&gt;Reduce the cost of the App&lt;/li&gt;
  &lt;li&gt;Use the internal resources to develop the App&lt;/li&gt;
  &lt;li&gt;Recruitment too complex&lt;/li&gt;
&lt;/ul&gt;

&lt;p&gt;For several years, we the maturity of some challengers, i was wondering if I was missing something.&lt;br /&gt;
That’s why i have made this analyses of the AppStore.&lt;/p&gt;

&lt;p&gt;The alternatives are :&lt;/p&gt;
&lt;ul&gt;
  &lt;li&gt;&lt;a href=&quot;https://dotnet.microsoft.com/en-us/apps/xamarin&quot;&gt;Native&lt;/a&gt; (Apple)&lt;/li&gt;
  &lt;li&gt;&lt;a href=&quot;https://reactnative.dev/&quot;&gt;React Native&lt;/a&gt; (Facebook)&lt;/li&gt;
  &lt;li&gt;&lt;a href=&quot;https://flutter.dev/&quot;&gt;Flutter&lt;/a&gt; (Google)&lt;/li&gt;
  &lt;li&gt;&lt;a href=&quot;https://cordova.apache.org/&quot;&gt;Cordova&lt;/a&gt; (Adobe Systems)&lt;/li&gt;
  &lt;li&gt;&lt;a href=&quot;https://dotnet.microsoft.com/en-us/apps/xamarin&quot;&gt;Xamarin&lt;/a&gt; (Microsoft)&lt;/li&gt;
&lt;/ul&gt;

&lt;p&gt;We have collected the analysis of 3334 apps&lt;/p&gt;

&lt;table&gt;
  &lt;thead&gt;
    &lt;tr&gt;
      &lt;th style=&quot;text-align: left&quot;&gt;Syntax&lt;/th&gt;
      &lt;th style=&quot;text-align: center&quot;&gt;Number of Apps&lt;/th&gt;
      &lt;th style=&quot;text-align: right&quot;&gt;%&lt;/th&gt;
    &lt;/tr&gt;
  &lt;/thead&gt;
  &lt;tbody&gt;
    &lt;tr&gt;
      &lt;td style=&quot;text-align: left&quot;&gt;Native&lt;/td&gt;
      &lt;td style=&quot;text-align: center&quot;&gt;2494&lt;/td&gt;
      &lt;td style=&quot;text-align: right&quot;&gt;75%&lt;/td&gt;
    &lt;/tr&gt;
    &lt;tr&gt;
      &lt;td style=&quot;text-align: left&quot;&gt;React Native&lt;/td&gt;
      &lt;td style=&quot;text-align: center&quot;&gt;420&lt;/td&gt;
      &lt;td style=&quot;text-align: right&quot;&gt;12%&lt;/td&gt;
    &lt;/tr&gt;
    &lt;tr&gt;
      &lt;td style=&quot;text-align: left&quot;&gt;Flutter&lt;/td&gt;
      &lt;td style=&quot;text-align: center&quot;&gt;159&lt;/td&gt;
      &lt;td style=&quot;text-align: right&quot;&gt;5%&lt;/td&gt;
    &lt;/tr&gt;
    &lt;tr&gt;
      &lt;td style=&quot;text-align: left&quot;&gt;Cordova&lt;/td&gt;
      &lt;td style=&quot;text-align: center&quot;&gt;107&lt;/td&gt;
      &lt;td style=&quot;text-align: right&quot;&gt;3%&lt;/td&gt;
    &lt;/tr&gt;
    &lt;tr&gt;
      &lt;td style=&quot;text-align: left&quot;&gt;xamarin&lt;/td&gt;
      &lt;td style=&quot;text-align: center&quot;&gt;34&lt;/td&gt;
      &lt;td style=&quot;text-align: right&quot;&gt;1%&lt;/td&gt;
    &lt;/tr&gt;
    &lt;tr&gt;
      &lt;td style=&quot;text-align: left&quot;&gt;Web&lt;/td&gt;
      &lt;td style=&quot;text-align: center&quot;&gt;120&lt;/td&gt;
      &lt;td style=&quot;text-align: right&quot;&gt;3%&lt;/td&gt;
    &lt;/tr&gt;
  &lt;/tbody&gt;
&lt;/table&gt;

&lt;p&gt;&lt;strong&gt;This picture of the store is interesting!&lt;/strong&gt;&lt;/p&gt;
&lt;ul class=&quot;notice--warning&quot;&gt;
  &lt;li&gt;Native development is dominating.&lt;/li&gt;
  &lt;li&gt;At least &lt;span&gt;25%&lt;/span&gt; of the Apps of the AppStore are not native!&lt;/li&gt;
  &lt;li&gt;2 technologies are dominating Flutter &amp;amp; React Native.&lt;/li&gt;
  &lt;li&gt;React Native is adopted 2x more than Flutter.&lt;/li&gt;
&lt;/ul&gt;</content><author><name>MORISSARD Jérôme</name><email>hello@appscan-hq.com</email></author><category term="AppStore" /><category term="Cross Platform" /><category term="Flutter" /><category term="React Native" /><category term="Xamarin" /><category term="React Native" /><category term="Cordova" /><category term="Web App" /><category term="Flutter" /><category term="Native" /><summary type="html">Since 10 years we have seen a lot of cross-plateform technologies. Every time, there is some reasons to select an alternative technology.</summary><media:thumbnail xmlns:media="http://search.yahoo.com/mrss/" url="https://appscan-hq.com/assets/images/illustrations/appscan-app-technologies.png" /><media:content medium="image" url="https://appscan-hq.com/assets/images/illustrations/appscan-app-technologies.png" xmlns:media="http://search.yahoo.com/mrss/" /></entry></feed>